week,num_fac,total_ed_visits,visits,pct_visits,visit_type,region,source,year
41,202,130377,814,0.006,ili,Region 1,Emergency Departments,2019
42,202,132385,912,0.006999999999999999,ili,Region 1,Emergency Departments,2019
43,202,131866,883,0.006999999999999999,ili,Region 1,Emergency Departments,2019
44,203,128256,888,0.006999999999999999,ili,Region 1,Emergency Departments,2019
45,203,127466,979,0.008,ili,Region 1,Emergency Departments,2019
46,202,125306,1188,0.009000000000000001,ili,Region 1,Emergency Departments,2019
47,202,128877,1235,0.01,ili,Region 1,Emergency Departments,2019
48,202,124781,1451,0.012,ili,Region 1,Emergency Departments,2019
49,202,125939,1362,0.011000000000000001,ili,Region 1,Emergency Departments,2019
50,202,130430,1405,0.011000000000000001,ili,Region 1,Emergency Departments,2019
51,202,126317,1704,0.013000000000000001,ili,Region 1,Emergency Departments,2019
52,202,136093,2483,0.018000000000000002,ili,Region 1,Emergency Departments,2019
1,202,144568,2567,0.018000000000000002,ili,Region 1,Emergency Departments,2020
2,202,140084,2189,0.016,ili,Region 1,Emergency Departments,2020
3,201,134746,2452,0.018000000000000002,ili,Region 1,Emergency Departments,2020
4,201,139698,2945,0.021,ili,Region 1,Emergency Departments,2020
5,201,146319,3496,0.024,ili,Region 1,Emergency Departments,2020
6,201,143951,3611,0.025,ili,Region 1,Emergency Departments,2020
7,201,138226,2843,0.021,ili,Region 1,Emergency Departments,2020
8,201,132269,2291,0.017,ili,Region 1,Emergency Departments,2020
9,201,133010,1912,0.013999999999999999,ili,Region 1,Emergency Departments,2020
10,198,129443,2297,0.018000000000000002,ili,Region 1,Emergency Departments,2020
11,198,123621,3318,0.027000000000000003,ili,Region 1,Emergency Departments,2020
12,198,91519,3595,0.039,ili,Region 1,Emergency Departments,2020
13,198,74647,2560,0.034,ili,Region 1,Emergency Departments,2020
14,197,66660,2086,0.031,ili,Region 1,Emergency Departments,2020
41,202,130377,794,0.006,cli,Region 1,Emergency Departments,2019
42,202,132385,857,0.006,cli,Region 1,Emergency Departments,2019
43,202,131866,875,0.006999999999999999,cli,Region 1,Emergency Departments,2019
44,203,128256,838,0.006999999999999999,cli,Region 1,Emergency Departments,2019
45,203,127466,997,0.008,cli,Region 1,Emergency Departments,2019
46,202,125306,1159,0.009000000000000001,cli,Region 1,Emergency Departments,2019
47,202,128877,1162,0.009000000000000001,cli,Region 1,Emergency Departments,2019
48,202,124781,1386,0.011000000000000001,cli,Region 1,Emergency Departments,2019
49,202,125939,1328,0.011000000000000001,cli,Region 1,Emergency Departments,2019
50,202,130430,1301,0.01,cli,Region 1,Emergency Departments,2019
51,202,126317,1442,0.011000000000000001,cli,Region 1,Emergency Departments,2019
52,202,136093,2066,0.015,cli,Region 1,Emergency Departments,2019
1,202,144568,2131,0.015,cli,Region 1,Emergency Departments,2020
2,202,140084,1712,0.012,cli,Region 1,Emergency Departments,2020
3,201,134746,1767,0.013000000000000001,cli,Region 1,Emergency Departments,2020
4,201,139698,1989,0.013999999999999999,cli,Region 1,Emergency Departments,2020
5,201,146319,2376,0.016,cli,Region 1,Emergency Departments,2020
6,201,143951,2356,0.016,cli,Region 1,Emergency Departments,2020
7,201,138226,1967,0.013999999999999999,cli,Region 1,Emergency Departments,2020
8,201,132269,1626,0.012,cli,Region 1,Emergency Departments,2020
9,201,133010,1441,0.011000000000000001,cli,Region 1,Emergency Departments,2020
10,198,129443,1732,0.013000000000000001,cli,Region 1,Emergency Departments,2020
11,198,123621,2916,0.024,cli,Region 1,Emergency Departments,2020
12,198,91519,3838,0.042,cli,Region 1,Emergency Departments,2020
13,198,74647,3193,0.043,cli,Region 1,Emergency Departments,2020
14,197,66660,2807,0.042,cli,Region 1,Emergency Departments,2020
40,196,225727,1782,0.008,ili,Region 2,Emergency Departments,2019
41,196,221788,1787,0.008,ili,Region 2,Emergency Departments,2019
42,195,219981,2002,0.009000000000000001,ili,Region 2,Emergency Departments,2019
43,195,224672,2101,0.009000000000000001,ili,Region 2,Emergency Departments,2019
44,196,220700,2342,0.011000000000000001,ili,Region 2,Emergency Departments,2019
45,195,218896,2642,0.012,ili,Region 2,Emergency Departments,2019
46,196,215909,2798,0.013000000000000001,ili,Region 2,Emergency Departments,2019
47,196,225655,3055,0.013999999999999999,ili,Region 2,Emergency Departments,2019
48,196,216663,3625,0.017,ili,Region 2,Emergency Departments,2019
49,196,224160,3706,0.017,ili,Region 2,Emergency Departments,2019
50,196,230432,4122,0.018000000000000002,ili,Region 2,Emergency Departments,2019
51,195,224906,4923,0.022000000000000002,ili,Region 2,Emergency Departments,2019
52,195,239651,6864,0.028999999999999998,ili,Region 2,Emergency Departments,2019
1,195,250041,6739,0.027000000000000003,ili,Region 2,Emergency Departments,2020
2,195,243366,5340,0.022000000000000002,ili,Region 2,Emergency Departments,2020
3,195,238487,5617,0.024,ili,Region 2,Emergency Departments,2020
4,195,238623,6432,0.027000000000000003,ili,Region 2,Emergency Departments,2020
5,195,245370,7050,0.028999999999999998,ili,Region 2,Emergency Departments,2020
6,195,241573,6702,0.027999999999999997,ili,Region 2,Emergency Departments,2020
7,195,228893,5201,0.023,ili,Region 2,Emergency Departments,2020
8,195,222231,4219,0.019,ili,Region 2,Emergency Departments,2020
9,195,222032,3696,0.017,ili,Region 2,Emergency Departments,2020
10,195,222232,4999,0.022000000000000002,ili,Region 2,Emergency Departments,2020
11,195,223489,9203,0.040999999999999995,ili,Region 2,Emergency Departments,2020
12,195,188403,14306,0.076,ili,Region 2,Emergency Departments,2020
13,195,166883,15264,0.091,ili,Region 2,Emergency Departments,2020
14,194,144249,11712,0.081,ili,Region 2,Emergency Departments,2020
40,196,225727,1682,0.006999999999999999,cli,Region 2,Emergency Departments,2019
41,196,221788,1658,0.006999999999999999,cli,Region 2,Emergency Departments,2019
42,195,219981,1918,0.009000000000000001,cli,Region 2,Emergency Departments,2019
43,195,224672,1961,0.009000000000000001,cli,Region 2,Emergency Departments,2019
44,196,220700,2213,0.01,cli,Region 2,Emergency Departments,2019
45,195,218896,2472,0.011000000000000001,cli,Region 2,Emergency Departments,2019
46,196,215909,2683,0.012,cli,Region 2,Emergency Departments,2019
47,196,225655,2822,0.013000000000000001,cli,Region 2,Emergency Departments,2019
48,196,216663,3319,0.015,cli,Region 2,Emergency Departments,2019
49,196,224160,3397,0.015,cli,Region 2,Emergency Departments,2019
50,196,230432,3622,0.016,cli,Region 2,Emergency Departments,2019
51,195,224906,4122,0.018000000000000002,cli,Region 2,Emergency Departments,2019
52,195,239651,5462,0.023,cli,Region 2,Emergency Departments,2019
1,195,250041,5453,0.022000000000000002,cli,Region 2,Emergency Departments,2020
2,195,243366,4181,0.017,cli,Region 2,Emergency Departments,2020
3,195,238487,4216,0.018000000000000002,cli,Region 2,Emergency Departments,2020
4,195,238623,4696,0.02,cli,Region 2,Emergency Departments,2020
5,195,245370,5189,0.021,cli,Region 2,Emergency Departments,2020
6,195,241573,4929,0.02,cli,Region 2,Emergency Departments,2020
7,195,228893,3855,0.017,cli,Region 2,Emergency Departments,2020
8,195,222231,3280,0.015,cli,Region 2,Emergency Departments,2020
9,195,222032,2940,0.013000000000000001,cli,Region 2,Emergency Departments,2020
10,195,222232,4129,0.019,cli,Region 2,Emergency Departments,2020
11,195,223489,8561,0.038,cli,Region 2,Emergency Departments,2020
12,195,188403,14970,0.079,cli,Region 2,Emergency Departments,2020
13,195,166883,17922,0.107,cli,Region 2,Emergency Departments,2020
14,194,144249,15277,0.106,cli,Region 2,Emergency Departments,2020
40,328,233520,1590,0.006999999999999999,ili,Region 3,Emergency Departments,2019
41,328,231083,1619,0.006999999999999999,ili,Region 3,Emergency Departments,2019
42,329,226204,1705,0.008,ili,Region 3,Emergency Departments,2019
43,330,231324,1741,0.008,ili,Region 3,Emergency Departments,2019
44,329,229630,1814,0.008,ili,Region 3,Emergency Departments,2019
45,330,224848,2000,0.009000000000000001,ili,Region 3,Emergency Departments,2019
46,331,225071,2266,0.01,ili,Region 3,Emergency Departments,2019
47,332,233791,2451,0.01,ili,Region 3,Emergency Departments,2019
48,333,220997,2768,0.013000000000000001,ili,Region 3,Emergency Departments,2019
49,332,233850,2787,0.012,ili,Region 3,Emergency Departments,2019
50,333,237307,3138,0.013000000000000001,ili,Region 3,Emergency Departments,2019
51,334,236476,3726,0.016,ili,Region 3,Emergency Departments,2019
52,333,250297,5284,0.021,ili,Region 3,Emergency Departments,2019
1,333,263959,4649,0.018000000000000002,ili,Region 3,Emergency Departments,2020
2,333,248266,3283,0.013000000000000001,ili,Region 3,Emergency Departments,2020
3,335,243035,3389,0.013999999999999999,ili,Region 3,Emergency Departments,2020
4,337,243639,3847,0.016,ili,Region 3,Emergency Departments,2020
5,338,253482,4675,0.018000000000000002,ili,Region 3,Emergency Departments,2020
6,334,253444,4749,0.019,ili,Region 3,Emergency Departments,2020
7,337,247384,4052,0.016,ili,Region 3,Emergency Departments,2020
8,337,243027,3422,0.013999999999999999,ili,Region 3,Emergency Departments,2020
9,337,240880,3440,0.013999999999999999,ili,Region 3,Emergency Departments,2020
10,344,248091,3963,0.016,ili,Region 3,Emergency Departments,2020
11,344,246795,6109,0.025,ili,Region 3,Emergency Departments,2020
12,343,190649,7334,0.038,ili,Region 3,Emergency Departments,2020
13,343,151206,4834,0.032,ili,Region 3,Emergency Departments,2020
14,341,131490,3486,0.027000000000000003,ili,Region 3,Emergency Departments,2020
40,328,233520,1571,0.006999999999999999,cli,Region 3,Emergency Departments,2019
41,328,231083,1630,0.006999999999999999,cli,Region 3,Emergency Departments,2019
42,329,226204,1732,0.008,cli,Region 3,Emergency Departments,2019
43,330,231324,1760,0.008,cli,Region 3,Emergency Departments,2019
44,329,229630,1795,0.008,cli,Region 3,Emergency Departments,2019
45,330,224848,1987,0.009000000000000001,cli,Region 3,Emergency Departments,2019
46,331,225071,2210,0.01,cli,Region 3,Emergency Departments,2019
47,332,233791,2373,0.01,cli,Region 3,Emergency Departments,2019
48,333,220997,2631,0.012,cli,Region 3,Emergency Departments,2019
49,332,233850,2541,0.011000000000000001,cli,Region 3,Emergency Departments,2019
50,333,237307,2761,0.012,cli,Region 3,Emergency Departments,2019
51,334,236476,3155,0.013000000000000001,cli,Region 3,Emergency Departments,2019
52,333,250297,4082,0.016,cli,Region 3,Emergency Departments,2019
1,333,263959,3934,0.015,cli,Region 3,Emergency Departments,2020
2,333,248266,2773,0.011000000000000001,cli,Region 3,Emergency Departments,2020
3,335,243035,2629,0.011000000000000001,cli,Region 3,Emergency Departments,2020
4,337,243639,2796,0.011000000000000001,cli,Region 3,Emergency Departments,2020
5,338,253482,3337,0.013000000000000001,cli,Region 3,Emergency Departments,2020
6,334,253444,3246,0.013000000000000001,cli,Region 3,Emergency Departments,2020
7,337,247384,3058,0.012,cli,Region 3,Emergency Departments,2020
8,337,243027,2608,0.011000000000000001,cli,Region 3,Emergency Departments,2020
9,337,240880,2597,0.011000000000000001,cli,Region 3,Emergency Departments,2020
10,344,248091,3155,0.013000000000000001,cli,Region 3,Emergency Departments,2020
11,344,246795,5424,0.022000000000000002,cli,Region 3,Emergency Departments,2020
12,343,190649,7691,0.04,cli,Region 3,Emergency Departments,2020
13,343,151206,5830,0.039,cli,Region 3,Emergency Departments,2020
14,341,131490,4580,0.035,cli,Region 3,Emergency Departments,2020
40,799,593214,7354,0.012,ili,Region 4,Emergency Departments,2019
41,802,582139,7732,0.013000000000000001,ili,Region 4,Emergency Departments,2019
42,803,579364,8071,0.013999999999999999,ili,Region 4,Emergency Departments,2019
43,804,589121,8729,0.015,ili,Region 4,Emergency Departments,2019
44,834,592489,9753,0.016,ili,Region 4,Emergency Departments,2019
45,836,601631,11276,0.019,ili,Region 4,Emergency Departments,2019
46,852,591499,12016,0.02,ili,Region 4,Emergency Departments,2019
47,856,615297,13139,0.021,ili,Region 4,Emergency Departments,2019
48,857,594814,14317,0.024,ili,Region 4,Emergency Departments,2019
49,859,628604,12650,0.02,ili,Region 4,Emergency Departments,2019
50,865,635140,14659,0.023,ili,Region 4,Emergency Departments,2019
51,865,638407,18078,0.027999999999999997,ili,Region 4,Emergency Departments,2019
52,869,659197,22511,0.034,ili,Region 4,Emergency Departments,2019
1,868,676323,16739,0.025,ili,Region 4,Emergency Departments,2020
2,868,641147,12185,0.019,ili,Region 4,Emergency Departments,2020
3,871,648754,13364,0.021,ili,Region 4,Emergency Departments,2020
4,874,624888,13684,0.022000000000000002,ili,Region 4,Emergency Departments,2020
5,877,659322,16987,0.026000000000000002,ili,Region 4,Emergency Departments,2020
6,879,673533,17626,0.026000000000000002,ili,Region 4,Emergency Departments,2020
7,879,656042,14788,0.023,ili,Region 4,Emergency Departments,2020
8,879,639788,12819,0.02,ili,Region 4,Emergency Departments,2020
9,881,623764,11759,0.019,ili,Region 4,Emergency Departments,2020
10,883,639766,14994,0.023,ili,Region 4,Emergency Departments,2020
11,884,644417,20958,0.033,ili,Region 4,Emergency Departments,2020
12,883,526658,23345,0.044000000000000004,ili,Region 4,Emergency Departments,2020
13,883,417707,15655,0.037000000000000005,ili,Region 4,Emergency Departments,2020
14,883,347405,9876,0.027999999999999997,ili,Region 4,Emergency Departments,2020
40,799,593214,6388,0.011000000000000001,cli,Region 4,Emergency Departments,2019
41,802,582139,6732,0.012,cli,Region 4,Emergency Departments,2019
42,803,579364,7152,0.012,cli,Region 4,Emergency Departments,2019
43,804,589121,7637,0.013000000000000001,cli,Region 4,Emergency Departments,2019
44,834,592489,8304,0.013999999999999999,cli,Region 4,Emergency Departments,2019
45,836,601631,9629,0.016,cli,Region 4,Emergency Departments,2019
46,852,591499,10195,0.017,cli,Region 4,Emergency Departments,2019
47,856,615297,11021,0.018000000000000002,cli,Region 4,Emergency Departments,2019
48,857,594814,11947,0.02,cli,Region 4,Emergency Departments,2019
49,859,628604,10629,0.017,cli,Region 4,Emergency Departments,2019
50,865,635140,11221,0.018000000000000002,cli,Region 4,Emergency Departments,2019
51,865,638407,13275,0.021,cli,Region 4,Emergency Departments,2019
52,869,659197,16386,0.025,cli,Region 4,Emergency Departments,2019
1,868,676323,13562,0.02,cli,Region 4,Emergency Departments,2020
2,868,641147,9615,0.015,cli,Region 4,Emergency Departments,2020
3,871,648754,9887,0.015,cli,Region 4,Emergency Departments,2020
4,874,624888,10194,0.016,cli,Region 4,Emergency Departments,2020
5,877,659322,12366,0.019,cli,Region 4,Emergency Departments,2020
6,879,673533,12732,0.019,cli,Region 4,Emergency Departments,2020
7,879,656042,10936,0.017,cli,Region 4,Emergency Departments,2020
8,879,639788,9910,0.015,cli,Region 4,Emergency Departments,2020
9,881,623764,9136,0.015,cli,Region 4,Emergency Departments,2020
10,883,639766,11889,0.019,cli,Region 4,Emergency Departments,2020
11,884,644417,18204,0.027999999999999997,cli,Region 4,Emergency Departments,2020
12,883,526658,23041,0.044000000000000004,cli,Region 4,Emergency Departments,2020
13,883,417707,17200,0.040999999999999995,cli,Region 4,Emergency Departments,2020
14,883,347405,11557,0.033,cli,Region 4,Emergency Departments,2020
40,692,405269,3279,0.008,ili,Region 5,Emergency Departments,2019
41,687,394787,3492,0.009000000000000001,ili,Region 5,Emergency Departments,2019
42,687,389564,3871,0.01,ili,Region 5,Emergency Departments,2019
43,688,395249,4048,0.01,ili,Region 5,Emergency Departments,2019
44,692,381899,3968,0.01,ili,Region 5,Emergency Departments,2019
45,698,388135,4277,0.011000000000000001,ili,Region 5,Emergency Departments,2019
46,695,381726,4420,0.012,ili,Region 5,Emergency Departments,2019
47,697,402287,4941,0.012,ili,Region 5,Emergency Departments,2019
48,696,382008,5820,0.015,ili,Region 5,Emergency Departments,2019
49,697,414144,6376,0.015,ili,Region 5,Emergency Departments,2019
50,696,411894,7580,0.018000000000000002,ili,Region 5,Emergency Departments,2019
51,698,411759,9041,0.022000000000000002,ili,Region 5,Emergency Departments,2019
52,696,438922,13177,0.03,ili,Region 5,Emergency Departments,2019
1,696,450103,11400,0.025,ili,Region 5,Emergency Departments,2020
2,697,419373,7929,0.019,ili,Region 5,Emergency Departments,2020
3,699,401105,8033,0.02,ili,Region 5,Emergency Departments,2020
4,707,412715,9329,0.023,ili,Region 5,Emergency Departments,2020
5,707,433711,12308,0.027999999999999997,ili,Region 5,Emergency Departments,2020
6,706,430013,12031,0.027999999999999997,ili,Region 5,Emergency Departments,2020
7,705,411120,10293,0.025,ili,Region 5,Emergency Departments,2020
8,707,417007,9710,0.023,ili,Region 5,Emergency Departments,2020
9,708,408165,8706,0.021,ili,Region 5,Emergency Departments,2020
10,705,414866,9019,0.022000000000000002,ili,Region 5,Emergency Departments,2020
11,704,413023,12465,0.03,ili,Region 5,Emergency Departments,2020
12,704,324394,14542,0.045,ili,Region 5,Emergency Departments,2020
13,704,256406,9688,0.038,ili,Region 5,Emergency Departments,2020
14,703,226298,6979,0.031,ili,Region 5,Emergency Departments,2020
40,692,405269,3097,0.008,cli,Region 5,Emergency Departments,2019
41,687,394787,3366,0.009000000000000001,cli,Region 5,Emergency Departments,2019
42,687,389564,3747,0.01,cli,Region 5,Emergency Departments,2019
43,688,395249,3892,0.01,cli,Region 5,Emergency Departments,2019
44,692,381899,3831,0.01,cli,Region 5,Emergency Departments,2019
45,698,388135,4165,0.011000000000000001,cli,Region 5,Emergency Departments,2019
46,695,381726,4216,0.011000000000000001,cli,Region 5,Emergency Departments,2019
47,697,402287,4702,0.012,cli,Region 5,Emergency Departments,2019
48,696,382008,5475,0.013999999999999999,cli,Region 5,Emergency Departments,2019
49,697,414144,6015,0.015,cli,Region 5,Emergency Departments,2019
50,696,411894,6741,0.016,cli,Region 5,Emergency Departments,2019
51,698,411759,7409,0.018000000000000002,cli,Region 5,Emergency Departments,2019
52,696,438922,10145,0.023,cli,Region 5,Emergency Departments,2019
1,696,450103,9290,0.021,cli,Region 5,Emergency Departments,2020
2,697,419373,6310,0.015,cli,Region 5,Emergency Departments,2020
3,699,401105,5822,0.015,cli,Region 5,Emergency Departments,2020
4,707,412715,6459,0.016,cli,Region 5,Emergency Departments,2020
5,707,433711,8084,0.019,cli,Region 5,Emergency Departments,2020
6,706,430013,7618,0.018000000000000002,cli,Region 5,Emergency Departments,2020
7,705,411120,6660,0.016,cli,Region 5,Emergency Departments,2020
8,707,417007,6265,0.015,cli,Region 5,Emergency Departments,2020
9,708,408165,5753,0.013999999999999999,cli,Region 5,Emergency Departments,2020
10,705,414866,6234,0.015,cli,Region 5,Emergency Departments,2020
11,704,413023,10009,0.024,cli,Region 5,Emergency Departments,2020
12,704,324394,14779,0.046,cli,Region 5,Emergency Departments,2020
13,704,256406,11654,0.045,cli,Region 5,Emergency Departments,2020
14,703,226298,8875,0.039,cli,Region 5,Emergency Departments,2020
40,343,204621,1896,0.009000000000000001,ili,Region 6,Emergency Departments,2019
41,340,195817,1941,0.01,ili,Region 6,Emergency Departments,2019
42,341,197614,2274,0.012,ili,Region 6,Emergency Departments,2019
43,342,194783,2458,0.013000000000000001,ili,Region 6,Emergency Departments,2019
44,340,189526,2822,0.015,ili,Region 6,Emergency Departments,2019
45,343,207841,3753,0.018000000000000002,ili,Region 6,Emergency Departments,2019
46,344,205961,4104,0.02,ili,Region 6,Emergency Departments,2019
47,343,222776,5054,0.023,ili,Region 6,Emergency Departments,2019
48,343,206915,4978,0.024,ili,Region 6,Emergency Departments,2019
49,341,212835,4061,0.019,ili,Region 6,Emergency Departments,2019
50,341,209828,4035,0.019,ili,Region 6,Emergency Departments,2019
51,338,205386,4731,0.023,ili,Region 6,Emergency Departments,2019
52,335,218846,6428,0.028999999999999998,ili,Region 6,Emergency Departments,2019
1,338,218391,4840,0.022000000000000002,ili,Region 6,Emergency Departments,2020
2,339,204180,3541,0.017,ili,Region 6,Emergency Departments,2020
3,341,207358,3624,0.017,ili,Region 6,Emergency Departments,2020
4,343,202629,4192,0.021,ili,Region 6,Emergency Departments,2020
5,340,207652,4655,0.022000000000000002,ili,Region 6,Emergency Departments,2020
6,342,201842,4449,0.022000000000000002,ili,Region 6,Emergency Departments,2020
7,344,196968,3967,0.02,ili,Region 6,Emergency Departments,2020
8,345,198547,3807,0.019,ili,Region 6,Emergency Departments,2020
9,345,192671,3364,0.017,ili,Region 6,Emergency Departments,2020
10,345,200157,3965,0.02,ili,Region 6,Emergency Departments,2020
11,344,203001,5713,0.027999999999999997,ili,Region 6,Emergency Departments,2020
12,342,166065,6684,0.04,ili,Region 6,Emergency Departments,2020
13,344,123657,4701,0.038,ili,Region 6,Emergency Departments,2020
14,344,110619,2979,0.027000000000000003,ili,Region 6,Emergency Departments,2020
40,343,204621,1504,0.006999999999999999,cli,Region 6,Emergency Departments,2019
41,340,195817,1574,0.008,cli,Region 6,Emergency Departments,2019
42,341,197614,1927,0.01,cli,Region 6,Emergency Departments,2019
43,342,194783,2048,0.011000000000000001,cli,Region 6,Emergency Departments,2019
44,340,189526,2304,0.012,cli,Region 6,Emergency Departments,2019
45,343,207841,3001,0.013999999999999999,cli,Region 6,Emergency Departments,2019
46,344,205961,3306,0.016,cli,Region 6,Emergency Departments,2019
47,343,222776,3870,0.017,cli,Region 6,Emergency Departments,2019
48,343,206915,3977,0.019,cli,Region 6,Emergency Departments,2019
49,341,212835,3280,0.015,cli,Region 6,Emergency Departments,2019
50,341,209828,2970,0.013999999999999999,cli,Region 6,Emergency Departments,2019
51,338,205386,3241,0.016,cli,Region 6,Emergency Departments,2019
52,335,218846,4312,0.02,cli,Region 6,Emergency Departments,2019
1,338,218391,3525,0.016,cli,Region 6,Emergency Departments,2020
2,339,204180,2564,0.013000000000000001,cli,Region 6,Emergency Departments,2020
3,341,207358,2414,0.012,cli,Region 6,Emergency Departments,2020
4,343,202629,2740,0.013999999999999999,cli,Region 6,Emergency Departments,2020
5,340,207652,3064,0.015,cli,Region 6,Emergency Departments,2020
6,342,201842,2988,0.015,cli,Region 6,Emergency Departments,2020
7,344,196968,2766,0.013999999999999999,cli,Region 6,Emergency Departments,2020
8,345,198547,2727,0.013999999999999999,cli,Region 6,Emergency Departments,2020
9,345,192671,2459,0.013000000000000001,cli,Region 6,Emergency Departments,2020
10,345,200157,3011,0.015,cli,Region 6,Emergency Departments,2020
11,344,203001,4932,0.024,cli,Region 6,Emergency Departments,2020
12,342,166065,6703,0.04,cli,Region 6,Emergency Departments,2020
13,344,123657,5300,0.043,cli,Region 6,Emergency Departments,2020
14,344,110619,3546,0.032,cli,Region 6,Emergency Departments,2020
40,223,84483,973,0.012,ili,Region 7,Emergency Departments,2019
41,224,80936,1066,0.013000000000000001,ili,Region 7,Emergency Departments,2019
42,225,84314,1376,0.016,ili,Region 7,Emergency Departments,2019
43,224,83348,1387,0.017,ili,Region 7,Emergency Departments,2019
44,224,78882,1331,0.017,ili,Region 7,Emergency Departments,2019
45,224,83297,1520,0.018000000000000002,ili,Region 7,Emergency Departments,2019
46,222,80944,1533,0.019,ili,Region 7,Emergency Departments,2019
47,224,86494,1853,0.021,ili,Region 7,Emergency Departments,2019
48,224,81835,2061,0.025,ili,Region 7,Emergency Departments,2019
49,228,87836,1988,0.023,ili,Region 7,Emergency Departments,2019
50,222,86957,2307,0.027000000000000003,ili,Region 7,Emergency Departments,2019
51,226,83674,2691,0.032,ili,Region 7,Emergency Departments,2019
52,228,91536,3413,0.037000000000000005,ili,Region 7,Emergency Departments,2019
1,233,92006,2873,0.031,ili,Region 7,Emergency Departments,2020
2,230,84481,2025,0.024,ili,Region 7,Emergency Departments,2020
3,231,82789,2054,0.025,ili,Region 7,Emergency Departments,2020
4,232,82318,2079,0.025,ili,Region 7,Emergency Departments,2020
5,235,87555,2556,0.028999999999999998,ili,Region 7,Emergency Departments,2020
6,236,87734,2720,0.031,ili,Region 7,Emergency Departments,2020
7,236,87025,2876,0.033,ili,Region 7,Emergency Departments,2020
8,237,89883,2788,0.031,ili,Region 7,Emergency Departments,2020
9,239,88796,2557,0.028999999999999998,ili,Region 7,Emergency Departments,2020
10,242,88231,2420,0.027000000000000003,ili,Region 7,Emergency Departments,2020
11,246,85501,2837,0.033,ili,Region 7,Emergency Departments,2020
12,248,70364,3131,0.044000000000000004,ili,Region 7,Emergency Departments,2020
13,251,57734,2059,0.036000000000000004,ili,Region 7,Emergency Departments,2020
14,250,50660,1278,0.025,ili,Region 7,Emergency Departments,2020
40,223,84483,848,0.01,cli,Region 7,Emergency Departments,2019
41,224,80936,951,0.012,cli,Region 7,Emergency Departments,2019
42,225,84314,1236,0.015,cli,Region 7,Emergency Departments,2019
43,224,83348,1279,0.015,cli,Region 7,Emergency Departments,2019
44,224,78882,1253,0.016,cli,Region 7,Emergency Departments,2019
45,224,83297,1373,0.016,cli,Region 7,Emergency Departments,2019
46,222,80944,1456,0.018000000000000002,cli,Region 7,Emergency Departments,2019
47,224,86494,1695,0.02,cli,Region 7,Emergency Departments,2019
48,224,81835,1893,0.023,cli,Region 7,Emergency Departments,2019
49,228,87836,1853,0.021,cli,Region 7,Emergency Departments,2019
50,222,86957,2101,0.024,cli,Region 7,Emergency Departments,2019
51,226,83674,2393,0.028999999999999998,cli,Region 7,Emergency Departments,2019
52,228,91536,2968,0.032,cli,Region 7,Emergency Departments,2019
1,233,92006,2603,0.027999999999999997,cli,Region 7,Emergency Departments,2020
2,230,84481,1858,0.022000000000000002,cli,Region 7,Emergency Departments,2020
3,231,82789,1730,0.021,cli,Region 7,Emergency Departments,2020
4,232,82318,1698,0.021,cli,Region 7,Emergency Departments,2020
5,235,87555,2051,0.023,cli,Region 7,Emergency Departments,2020
6,236,87734,2191,0.025,cli,Region 7,Emergency Departments,2020
7,236,87025,2358,0.027000000000000003,cli,Region 7,Emergency Departments,2020
8,237,89883,2343,0.026000000000000002,cli,Region 7,Emergency Departments,2020
9,239,88796,2094,0.024,cli,Region 7,Emergency Departments,2020
10,242,88231,2066,0.023,cli,Region 7,Emergency Departments,2020
11,246,85501,2600,0.03,cli,Region 7,Emergency Departments,2020
12,248,70364,3175,0.045,cli,Region 7,Emergency Departments,2020
13,251,57734,2318,0.04,cli,Region 7,Emergency Departments,2020
14,250,50660,1515,0.03,cli,Region 7,Emergency Departments,2020
40,149,47344,285,0.006,ili,Region 8,Emergency Departments,2019
41,151,47012,303,0.006,ili,Region 8,Emergency Departments,2019
42,149,47881,333,0.006999999999999999,ili,Region 8,Emergency Departments,2019
43,148,46862,340,0.006999999999999999,ili,Region 8,Emergency Departments,2019
44,154,45990,316,0.006999999999999999,ili,Region 8,Emergency Departments,2019
45,156,53751,477,0.009000000000000001,ili,Region 8,Emergency Departments,2019
46,156,54367,484,0.009000000000000001,ili,Region 8,Emergency Departments,2019
47,153,55428,630,0.011000000000000001,ili,Region 8,Emergency Departments,2019
48,155,52869,751,0.013999999999999999,ili,Region 8,Emergency Departments,2019
49,154,56500,633,0.011000000000000001,ili,Region 8,Emergency Departments,2019
50,159,56029,765,0.013999999999999999,ili,Region 8,Emergency Departments,2019
51,157,56688,918,0.016,ili,Region 8,Emergency Departments,2019
52,154,59648,1513,0.025,ili,Region 8,Emergency Departments,2019
1,157,62670,1331,0.021,ili,Region 8,Emergency Departments,2020
2,157,59992,1128,0.019,ili,Region 8,Emergency Departments,2020
3,156,59172,1152,0.019,ili,Region 8,Emergency Departments,2020
4,157,61329,1374,0.022000000000000002,ili,Region 8,Emergency Departments,2020
5,157,63028,1630,0.026000000000000002,ili,Region 8,Emergency Departments,2020
6,161,60658,1405,0.023,ili,Region 8,Emergency Departments,2020
7,161,60170,1345,0.022000000000000002,ili,Region 8,Emergency Departments,2020
8,158,60739,1392,0.023,ili,Region 8,Emergency Departments,2020
9,158,60219,1264,0.021,ili,Region 8,Emergency Departments,2020
10,160,60986,1467,0.024,ili,Region 8,Emergency Departments,2020
11,158,60560,2226,0.037000000000000005,ili,Region 8,Emergency Departments,2020
12,157,49220,2325,0.047,ili,Region 8,Emergency Departments,2020
13,158,41496,1614,0.039,ili,Region 8,Emergency Departments,2020
14,158,36827,1193,0.032,ili,Region 8,Emergency Departments,2020
40,149,47344,279,0.006,cli,Region 8,Emergency Departments,2019
41,151,47012,329,0.006999999999999999,cli,Region 8,Emergency Departments,2019
42,149,47881,343,0.006999999999999999,cli,Region 8,Emergency Departments,2019
43,148,46862,298,0.006,cli,Region 8,Emergency Departments,2019
44,154,45990,340,0.006999999999999999,cli,Region 8,Emergency Departments,2019
45,156,53751,487,0.009000000000000001,cli,Region 8,Emergency Departments,2019
46,156,54367,472,0.009000000000000001,cli,Region 8,Emergency Departments,2019
47,153,55428,597,0.011000000000000001,cli,Region 8,Emergency Departments,2019
48,155,52869,698,0.013000000000000001,cli,Region 8,Emergency Departments,2019
49,154,56500,573,0.01,cli,Region 8,Emergency Departments,2019
50,159,56029,648,0.012,cli,Region 8,Emergency Departments,2019
51,157,56688,713,0.013000000000000001,cli,Region 8,Emergency Departments,2019
52,154,59648,1177,0.02,cli,Region 8,Emergency Departments,2019
1,157,62670,1022,0.016,cli,Region 8,Emergency Departments,2020
2,157,59992,909,0.015,cli,Region 8,Emergency Departments,2020
3,156,59172,854,0.013999999999999999,cli,Region 8,Emergency Departments,2020
4,157,61329,1033,0.017,cli,Region 8,Emergency Departments,2020
5,157,63028,1247,0.02,cli,Region 8,Emergency Departments,2020
6,161,60658,1082,0.018000000000000002,cli,Region 8,Emergency Departments,2020
7,161,60170,1010,0.017,cli,Region 8,Emergency Departments,2020
8,158,60739,1071,0.018000000000000002,cli,Region 8,Emergency Departments,2020
9,158,60219,994,0.017,cli,Region 8,Emergency Departments,2020
10,160,60986,1175,0.019,cli,Region 8,Emergency Departments,2020
11,158,60560,2017,0.033,cli,Region 8,Emergency Departments,2020
12,157,49220,2468,0.05,cli,Region 8,Emergency Departments,2020
13,158,41496,1900,0.046,cli,Region 8,Emergency Departments,2020
14,158,36827,1527,0.040999999999999995,cli,Region 8,Emergency Departments,2020
40,135,130052,1113,0.009000000000000001,ili,Region 9,Emergency Departments,2019
41,135,132235,1211,0.009000000000000001,ili,Region 9,Emergency Departments,2019
42,136,132244,1375,0.01,ili,Region 9,Emergency Departments,2019
43,137,134291,1535,0.011000000000000001,ili,Region 9,Emergency Departments,2019
44,137,133206,1653,0.012,ili,Region 9,Emergency Departments,2019
45,141,143844,2304,0.016,ili,Region 9,Emergency Departments,2019
46,142,147599,2685,0.018000000000000002,ili,Region 9,Emergency Departments,2019
47,140,144915,2687,0.019,ili,Region 9,Emergency Departments,2019
48,140,126361,2527,0.02,ili,Region 9,Emergency Departments,2019
49,139,143623,2697,0.019,ili,Region 9,Emergency Departments,2019
50,139,145169,2724,0.019,ili,Region 9,Emergency Departments,2019
51,138,143670,2929,0.02,ili,Region 9,Emergency Departments,2019
52,140,135988,4018,0.03,ili,Region 9,Emergency Departments,2019
1,138,147136,4028,0.027000000000000003,ili,Region 9,Emergency Departments,2020
2,140,153859,3411,0.022000000000000002,ili,Region 9,Emergency Departments,2020
3,140,155262,3667,0.024,ili,Region 9,Emergency Departments,2020
4,139,157373,4290,0.027000000000000003,ili,Region 9,Emergency Departments,2020
5,139,159935,4646,0.028999999999999998,ili,Region 9,Emergency Departments,2020
6,138,154342,4209,0.027000000000000003,ili,Region 9,Emergency Departments,2020
7,138,153368,4009,0.026000000000000002,ili,Region 9,Emergency Departments,2020
8,138,156550,3885,0.025,ili,Region 9,Emergency Departments,2020
9,139,153316,3259,0.021,ili,Region 9,Emergency Departments,2020
10,139,150380,3659,0.024,ili,Region 9,Emergency Departments,2020
11,140,143220,4574,0.032,ili,Region 9,Emergency Departments,2020
12,138,110499,5096,0.046,ili,Region 9,Emergency Departments,2020
13,138,86732,3367,0.039,ili,Region 9,Emergency Departments,2020
14,138,76153,2482,0.033,ili,Region 9,Emergency Departments,2020
40,135,130052,1059,0.008,cli,Region 9,Emergency Departments,2019
41,135,132235,1166,0.009000000000000001,cli,Region 9,Emergency Departments,2019
42,136,132244,1332,0.01,cli,Region 9,Emergency Departments,2019
43,137,134291,1406,0.01,cli,Region 9,Emergency Departments,2019
44,137,133206,1529,0.011000000000000001,cli,Region 9,Emergency Departments,2019
45,141,143844,1931,0.013000000000000001,cli,Region 9,Emergency Departments,2019
46,142,147599,2059,0.013999999999999999,cli,Region 9,Emergency Departments,2019
47,140,144915,2083,0.013999999999999999,cli,Region 9,Emergency Departments,2019
48,140,126361,2043,0.016,cli,Region 9,Emergency Departments,2019
49,139,143623,2234,0.016,cli,Region 9,Emergency Departments,2019
50,139,145169,2199,0.015,cli,Region 9,Emergency Departments,2019
51,138,143670,2328,0.016,cli,Region 9,Emergency Departments,2019
52,140,135988,3084,0.023,cli,Region 9,Emergency Departments,2019
1,138,147136,3225,0.022000000000000002,cli,Region 9,Emergency Departments,2020
2,140,153859,2630,0.017,cli,Region 9,Emergency Departments,2020
3,140,155262,2587,0.017,cli,Region 9,Emergency Departments,2020
4,139,157373,3201,0.02,cli,Region 9,Emergency Departments,2020
5,139,159935,3555,0.022000000000000002,cli,Region 9,Emergency Departments,2020
6,138,154342,3217,0.021,cli,Region 9,Emergency Departments,2020
7,138,153368,3163,0.021,cli,Region 9,Emergency Departments,2020
8,138,156550,3087,0.02,cli,Region 9,Emergency Departments,2020
9,139,153316,2638,0.017,cli,Region 9,Emergency Departments,2020
10,139,150380,3034,0.02,cli,Region 9,Emergency Departments,2020
11,140,143220,4255,0.03,cli,Region 9,Emergency Departments,2020
12,138,110499,5488,0.05,cli,Region 9,Emergency Departments,2020
13,138,86732,4041,0.047,cli,Region 9,Emergency Departments,2020
14,138,76153,3133,0.040999999999999995,cli,Region 9,Emergency Departments,2020
40,187,90302,482,0.005,ili,Region 10,Emergency Departments,2019
41,184,90825,492,0.005,ili,Region 10,Emergency Departments,2019
42,189,91807,596,0.006,ili,Region 10,Emergency Departments,2019
43,184,90911,554,0.006,ili,Region 10,Emergency Departments,2019
44,186,86757,579,0.006999999999999999,ili,Region 10,Emergency Departments,2019
45,189,88145,720,0.008,ili,Region 10,Emergency Departments,2019
46,188,93981,931,0.01,ili,Region 10,Emergency Departments,2019
47,191,94178,1028,0.011000000000000001,ili,Region 10,Emergency Departments,2019
48,191,90690,1315,0.013999999999999999,ili,Region 10,Emergency Departments,2019
49,188,96809,1309,0.013999999999999999,ili,Region 10,Emergency Departments,2019
50,189,97291,1750,0.018000000000000002,ili,Region 10,Emergency Departments,2019
51,190,98254,2173,0.022000000000000002,ili,Region 10,Emergency Departments,2019
52,189,102118,2925,0.028999999999999998,ili,Region 10,Emergency Departments,2019
1,192,102822,2400,0.023,ili,Region 10,Emergency Departments,2020
2,194,96838,1519,0.016,ili,Region 10,Emergency Departments,2020
3,189,91608,1253,0.013999999999999999,ili,Region 10,Emergency Departments,2020
4,189,96547,1402,0.015,ili,Region 10,Emergency Departments,2020
5,190,95681,1654,0.017,ili,Region 10,Emergency Departments,2020
6,190,93768,1459,0.016,ili,Region 10,Emergency Departments,2020
7,194,95389,1440,0.015,ili,Region 10,Emergency Departments,2020
8,191,96643,1513,0.016,ili,Region 10,Emergency Departments,2020
9,191,96879,1675,0.017,ili,Region 10,Emergency Departments,2020
10,192,96177,2903,0.03,ili,Region 10,Emergency Departments,2020
11,191,91706,3816,0.042,ili,Region 10,Emergency Departments,2020
12,191,76249,3850,0.05,ili,Region 10,Emergency Departments,2020
13,192,62257,2397,0.039,ili,Region 10,Emergency Departments,2020
14,189,55508,1386,0.025,ili,Region 10,Emergency Departments,2020
40,187,90302,491,0.005,cli,Region 10,Emergency Departments,2019
41,184,90825,493,0.005,cli,Region 10,Emergency Departments,2019
42,189,91807,554,0.006,cli,Region 10,Emergency Departments,2019
43,184,90911,526,0.006,cli,Region 10,Emergency Departments,2019
44,186,86757,529,0.006,cli,Region 10,Emergency Departments,2019
45,189,88145,666,0.008,cli,Region 10,Emergency Departments,2019
46,188,93981,814,0.009000000000000001,cli,Region 10,Emergency Departments,2019
47,191,94178,817,0.009000000000000001,cli,Region 10,Emergency Departments,2019
48,191,90690,984,0.011000000000000001,cli,Region 10,Emergency Departments,2019
49,188,96809,997,0.01,cli,Region 10,Emergency Departments,2019
50,189,97291,1260,0.013000000000000001,cli,Region 10,Emergency Departments,2019
51,190,98254,1472,0.015,cli,Region 10,Emergency Departments,2019
52,189,102118,1997,0.02,cli,Region 10,Emergency Departments,2019
1,192,102822,1746,0.017,cli,Region 10,Emergency Departments,2020
2,194,96838,1151,0.012,cli,Region 10,Emergency Departments,2020
3,189,91608,968,0.011000000000000001,cli,Region 10,Emergency Departments,2020
4,189,96547,1056,0.011000000000000001,cli,Region 10,Emergency Departments,2020
5,190,95681,1236,0.013000000000000001,cli,Region 10,Emergency Departments,2020
6,190,93768,1200,0.013000000000000001,cli,Region 10,Emergency Departments,2020
7,194,95389,1159,0.012,cli,Region 10,Emergency Departments,2020
8,191,96643,1265,0.013000000000000001,cli,Region 10,Emergency Departments,2020
9,191,96879,1386,0.013999999999999999,cli,Region 10,Emergency Departments,2020
10,192,96177,2392,0.025,cli,Region 10,Emergency Departments,2020
11,191,91706,3517,0.038,cli,Region 10,Emergency Departments,2020
12,191,76249,3935,0.052000000000000005,cli,Region 10,Emergency Departments,2020
13,192,62257,2700,0.043,cli,Region 10,Emergency Departments,2020
14,189,55508,1714,0.031,cli,Region 10,Emergency Departments,2020
