state,state_abbr,statefips,region_name,division_name,sex_id,sex,hisp_id,hisp_label,fips,pop,white,black,amind,asian,nhopi,tom
Alabama,AL,01,South,East South Central,female,Female,hisp,Hispanic,0400000US01,102145,85914,7514,3072,843,1161,3641
Alabama,AL,01,South,East South Central,female,Female,nhisp,Not Hispanic,0400000US01,2421611,1635511,693540,13929,38044,1345,39242
Alabama,AL,01,South,East South Central,female,Female,tothisp,Total,0400000US01,2523756,1721425,701054,17001,38887,2506,42883
Alabama,AL,01,South,East South Central,male,Male,hisp,Hispanic,0400000US01,115036,96717,8113,3839,936,1488,3943
Alabama,AL,01,South,East South Central,male,Male,nhisp,Not Hispanic,0400000US01,2249079,1561813,601635,13535,33344,1213,37539
Alabama,AL,01,South,East South Central,male,Male,tothisp,Total,0400000US01,2364115,1658530,609748,17374,34280,2701,41482
Alabama,AL,01,South,East South Central,totsex,Both Sexes,hisp,Hispanic,0400000US01,217181,182631,15627,6911,1779,2649,7584
Alabama,AL,01,South,East South Central,totsex,Both Sexes,nhisp,Not Hispanic,0400000US01,4670690,3197324,1295175,27464,71388,2558,76781
Alabama,AL,01,South,East South Central,totsex,Both Sexes,tothisp,Total,0400000US01,4887871,3379955,1310802,34375,73167,5207,84365
Alaska,AK,02,West,Pacific,female,Female,hisp,Hispanic,0400000US02,25267,17741,1511,2745,547,272,2451
Alaska,AK,02,West,Pacific,female,Female,nhisp,Not Hispanic,0400000US02,327598,208817,10647,53373,25313,4785,24663
Alaska,AK,02,West,Pacific,female,Female,tothisp,Total,0400000US02,352865,226558,12158,56118,25860,5057,27114
Alaska,AK,02,West,Pacific,male,Male,hisp,Hispanic,0400000US02,28021,19727,1570,3097,679,242,2706
Alaska,AK,02,West,Pacific,male,Male,nhisp,Not Hispanic,0400000US02,356552,235594,14214,54301,22486,4922,25035
Alaska,AK,02,West,Pacific,male,Male,tothisp,Total,0400000US02,384573,255321,15784,57398,23165,5164,27741
Alaska,AK,02,West,Pacific,totsex,Both Sexes,hisp,Hispanic,0400000US02,53288,37468,3081,5842,1226,514,5157
Alaska,AK,02,West,Pacific,totsex,Both Sexes,nhisp,Not Hispanic,0400000US02,684150,444411,24861,107674,47799,9707,49698
Alaska,AK,02,West,Pacific,totsex,Both Sexes,tothisp,Total,0400000US02,737438,481879,27942,113516,49025,10221,54855
Arizona,AZ,04,West,Mountain,female,Female,hisp,Hispanic,0400000US04,1125924,1011479,25361,46723,9709,3094,29558
Arizona,AZ,04,West,Mountain,female,Female,nhisp,Not Hispanic,0400000US04,2480383,1972633,151426,146090,129917,6167,74150
Arizona,AZ,04,West,Mountain,female,Female,tothisp,Total,0400000US04,3606307,2984112,176787,192813,139626,9261,103708
Arizona,AZ,04,West,Mountain,male,Male,hisp,Hispanic,0400000US04,1140419,1023460,25044,49605,9639,3159,29512
Arizona,AZ,04,West,Mountain,male,Male,nhisp,Not Hispanic,0400000US04,2424920,1930234,162449,137742,114431,7369,72695
Arizona,AZ,04,West,Mountain,male,Male,tothisp,Total,0400000US04,3565339,2953694,187493,187347,124070,10528,102207
Arizona,AZ,04,West,Mountain,totsex,Both Sexes,hisp,Hispanic,0400000US04,2266343,2034939,50405,96328,19348,6253,59070
Arizona,AZ,04,West,Mountain,totsex,Both Sexes,nhisp,Not Hispanic,0400000US04,4905303,3902867,313875,283832,244348,13536,146845
Arizona,AZ,04,West,Mountain,totsex,Both Sexes,tothisp,Total,0400000US04,7171646,5937806,364280,380160,263696,19789,205915
Arkansas,AR,05,South,West South Central,female,Female,hisp,Hispanic,0400000US05,111332,99590,3625,3506,860,514,3237
Arkansas,AR,05,South,West South Central,female,Female,nhisp,Not Hispanic,0400000US05,1422350,1107479,243926,11653,24983,4760,29549
Arkansas,AR,05,South,West South Central,female,Female,tothisp,Total,0400000US05,1533682,1207069,247551,15159,25843,5274,32786
Arkansas,AR,05,South,West South Central,male,Male,hisp,Hispanic,0400000US05,121855,109012,4022,3808,932,663,3418
Arkansas,AR,05,South,West South Central,male,Male,nhisp,Not Hispanic,0400000US05,1358288,1069132,220714,11258,23526,4944,28714
Arkansas,AR,05,South,West South Central,male,Male,tothisp,Total,0400000US05,1480143,1178144,224736,15066,24458,5607,32132
Arkansas,AR,05,South,West South Central,totsex,Both Sexes,hisp,Hispanic,0400000US05,233187,208602,7647,7314,1792,1177,6655
Arkansas,AR,05,South,West South Central,totsex,Both Sexes,nhisp,Not Hispanic,0400000US05,2780638,2176611,464640,22911,48509,9704,58263
Arkansas,AR,05,South,West South Central,totsex,Both Sexes,tothisp,Total,0400000US05,3013825,2385213,472287,30225,50301,10881,64918
California,CA,06,West,Pacific,female,Female,hisp,Hispanic,0400000US06,7722433,6935850,169490,237738,123551,26971,228833
California,CA,06,West,Pacific,female,Female,nhisp,Not Hispanic,0400000US06,12171035,7281180,1118008,82540,3062525,73471,553311
California,CA,06,West,Pacific,female,Female,tothisp,Total,0400000US06,19893468,14217030,1287498,320278,3186076,100442,782144
California,CA,06,West,Pacific,male,Male,hisp,Hispanic,0400000US06,7817709,7027282,163236,250065,121730,27410,227986
California,CA,06,West,Pacific,male,Male,nhisp,Not Hispanic,0400000US06,11845868,7287428,1105266,80733,2755794,72020,544627
California,CA,06,West,Pacific,male,Male,tothisp,Total,0400000US06,19663577,14314710,1268502,330798,2877524,99430,772613
California,CA,06,West,Pacific,totsex,Both Sexes,hisp,Hispanic,0400000US06,15540142,13963132,332726,487803,245281,54381,456819
California,CA,06,West,Pacific,totsex,Both Sexes,nhisp,Not Hispanic,0400000US06,24016903,14568608,2223274,163273,5818319,145491,1097938
California,CA,06,West,Pacific,totsex,Both Sexes,tothisp,Total,0400000US06,39557045,28531740,2556000,651076,6063600,199872,1554757
Colorado,CO,08,West,Mountain,female,Female,hisp,Hispanic,0400000US08,605837,534566,15314,26582,4942,1616,22817
Colorado,CO,08,West,Mountain,female,Female,nhisp,Not Hispanic,0400000US08,2221859,1926746,105992,18225,101484,3670,65742
Colorado,CO,08,West,Mountain,female,Female,tothisp,Total,0400000US08,2827696,2461312,121306,44807,106426,5286,88559
Colorado,CO,08,West,Mountain,male,Male,hisp,Hispanic,0400000US08,629280,556415,15312,27924,5024,1721,22884
Colorado,CO,08,West,Mountain,male,Male,nhisp,Not Hispanic,0400000US08,2238588,1941583,123093,18389,86184,3926,65413
Colorado,CO,08,West,Mountain,male,Male,tothisp,Total,0400000US08,2867868,2497998,138405,46313,91208,5647,88297
Colorado,CO,08,West,Mountain,totsex,Both Sexes,hisp,Hispanic,0400000US08,1235117,1090981,30626,54506,9966,3337,45701
Colorado,CO,08,West,Mountain,totsex,Both Sexes,nhisp,Not Hispanic,0400000US08,4460447,3868329,229085,36614,187668,7596,131155
Colorado,CO,08,West,Mountain,totsex,Both Sexes,tothisp,Total,0400000US08,5695564,4959310,259711,91120,197634,10933,176856
Connecticut,CT,09,Northeast,New England,female,Female,hisp,Hispanic,0400000US09,296570,241985,33617,5893,2073,1146,11856
Connecticut,CT,09,Northeast,New England,female,Female,nhisp,Not Hispanic,0400000US09,1532700,1217976,190673,3815,87454,645,32137
Connecticut,CT,09,Northeast,New England,female,Female,tothisp,Total,0400000US09,1829270,1459961,224290,9708,89527,1791,43993
Connecticut,CT,09,Northeast,New England,male,Male,hisp,Hispanic,0400000US09,293239,240944,30823,6292,2156,1425,11599
Connecticut,CT,09,Northeast,New England,male,Male,nhisp,Not Hispanic,0400000US09,1450156,1158375,174185,3943,82116,624,30913
Connecticut,CT,09,Northeast,New England,male,Male,tothisp,Total,0400000US09,1743395,1399319,205008,10235,84272,2049,42512
Connecticut,CT,09,Northeast,New England,totsex,Both Sexes,hisp,Hispanic,0400000US09,589809,482929,64440,12185,4229,2571,23455
Connecticut,CT,09,Northeast,New England,totsex,Both Sexes,nhisp,Not Hispanic,0400000US09,2982856,2376351,364858,7758,169570,1269,63050
Connecticut,CT,09,Northeast,New England,totsex,Both Sexes,tothisp,Total,0400000US09,3572665,2859280,429298,19943,173799,3840,86505
Delaware,DE,10,South,South Atlantic,female,Female,hisp,Hispanic,0400000US10,44974,35244,5546,1669,345,334,1836
Delaware,DE,10,South,South Atlantic,female,Female,nhisp,Not Hispanic,0400000US10,454270,309328,111805,1542,19791,179,11625
Delaware,DE,10,South,South Atlantic,female,Female,tothisp,Total,0400000US10,499244,344572,117351,3211,20136,513,13461
Delaware,DE,10,South,South Atlantic,male,Male,hisp,Hispanic,0400000US10,47000,37714,5020,1780,318,372,1796
Delaware,DE,10,South,South Atlantic,male,Male,nhisp,Not Hispanic,0400000US10,420927,289733,99699,1467,19130,164,10734
Delaware,DE,10,South,South Atlantic,male,Male,tothisp,Total,0400000US10,467927,327447,104719,3247,19448,536,12530
Delaware,DE,10,South,South Atlantic,totsex,Both Sexes,hisp,Hispanic,0400000US10,91974,72958,10566,3449,663,706,3632
Delaware,DE,10,South,South Atlantic,totsex,Both Sexes,nhisp,Not Hispanic,0400000US10,875197,599061,211504,3009,38921,343,22359
Delaware,DE,10,South,South Atlantic,totsex,Both Sexes,tothisp,Total,0400000US10,967171,672019,222070,6458,39584,1049,25991
District of Columbia,NA,11,NA,NA,female,Female,hisp,Hispanic,0400000US11,39008,29397,5520,1187,444,316,2144
District of Columbia,NA,11,NA,NA,female,Female,nhisp,Not Hispanic,0400000US11,330140,130897,172238,719,17450,183,8653
District of Columbia,NA,11,NA,NA,female,Female,tothisp,Total,0400000US11,369148,160294,177758,1906,17894,499,10797
District of Columbia,NA,11,NA,NA,male,Male,hisp,Hispanic,0400000US11,40241,30709,5324,1702,517,312,1677
District of Columbia,NA,11,NA,NA,male,Male,nhisp,Not Hispanic,0400000US11,293066,129371,143099,688,12614,164,7130
District of Columbia,NA,11,NA,NA,male,Male,tothisp,Total,0400000US11,333307,160080,148423,2390,13131,476,8807
District of Columbia,NA,11,NA,NA,totsex,Both Sexes,hisp,Hispanic,0400000US11,79249,60106,10844,2889,961,628,3821
District of Columbia,NA,11,NA,NA,totsex,Both Sexes,nhisp,Not Hispanic,0400000US11,623206,260268,315337,1407,30064,347,15783
District of Columbia,NA,11,NA,NA,totsex,Both Sexes,tothisp,Total,0400000US11,702455,320374,326181,4296,31025,975,19604
Florida,FL,12,South,South Atlantic,female,Female,hisp,Hispanic,0400000US12,2816364,2572465,146136,24392,12568,5091,55712
Florida,FL,12,South,South Atlantic,female,Female,nhisp,Not Hispanic,0400000US12,8071184,5810579,1719027,26940,327485,6867,180286
Florida,FL,12,South,South Atlantic,female,Female,tothisp,Total,0400000US12,10887548,8383044,1865163,51332,340053,11958,235998
Florida,FL,12,South,South Atlantic,male,Male,hisp,Hispanic,0400000US12,2746053,2500490,144599,28903,12168,5687,54206
Florida,FL,12,South,South Atlantic,male,Male,nhisp,Not Hispanic,0400000US12,7665724,5588591,1590359,26749,279516,6708,173801
Florida,FL,12,South,South Atlantic,male,Male,tothisp,Total,0400000US12,10411777,8089081,1734958,55652,291684,12395,228007
Florida,FL,12,South,South Atlantic,totsex,Both Sexes,hisp,Hispanic,0400000US12,5562417,5072955,290735,53295,24736,10778,109918
Florida,FL,12,South,South Atlantic,totsex,Both Sexes,nhisp,Not Hispanic,0400000US12,15736908,11399170,3309386,53689,607001,13575,354087
Florida,FL,12,South,South Atlantic,totsex,Both Sexes,tothisp,Total,0400000US12,21299325,16472125,3600121,106984,631737,24353,464005
Georgia,GA,13,South,South Atlantic,female,Female,hisp,Hispanic,0400000US13,491423,403777,49276,13736,4727,2802,17105
Georgia,GA,13,South,South Atlantic,female,Female,nhisp,Not Hispanic,0400000US13,4912636,2801720,1766363,12305,228902,3159,100187
Georgia,GA,13,South,South Atlantic,female,Female,tothisp,Total,0400000US13,5404059,3205497,1815639,26041,233629,5961,117292
Georgia,GA,13,South,South Atlantic,male,Male,hisp,Hispanic,0400000US13,535314,445432,48054,17044,4948,3184,16652
Georgia,GA,13,South,South Atlantic,male,Male,nhisp,Not Hispanic,0400000US13,4580102,2709599,1547452,11797,214911,3287,93056
Georgia,GA,13,South,South Atlantic,male,Male,tothisp,Total,0400000US13,5115416,3155031,1595506,28841,219859,6471,109708
Georgia,GA,13,South,South Atlantic,totsex,Both Sexes,hisp,Hispanic,0400000US13,1026737,849209,97330,30780,9675,5986,33757
Georgia,GA,13,South,South Atlantic,totsex,Both Sexes,nhisp,Not Hispanic,0400000US13,9492738,5511319,3313815,24102,443813,6446,193243
Georgia,GA,13,South,South Atlantic,totsex,Both Sexes,tothisp,Total,0400000US13,10519475,6360528,3411145,54882,453488,12432,227000
Hawaii,HI,15,West,Pacific,female,Female,hisp,Hispanic,0400000US15,73899,25587,1497,1190,8757,5177,31691
Hawaii,HI,15,West,Pacific,female,Female,nhisp,Not Hispanic,0400000US15,635590,142942,10855,1428,278003,65862,136500
Hawaii,HI,15,West,Pacific,female,Female,tothisp,Total,0400000US15,709489,168529,12352,2618,286760,71039,168191
Hawaii,HI,15,West,Pacific,male,Male,hisp,Hispanic,0400000US15,77458,28919,1707,1402,8177,5421,31832
Hawaii,HI,15,West,Pacific,male,Male,nhisp,Not Hispanic,0400000US15,633544,166101,17079,1609,239714,68346,140695
Hawaii,HI,15,West,Pacific,male,Male,tothisp,Total,0400000US15,711002,195020,18786,3011,247891,73767,172527
Hawaii,HI,15,West,Pacific,totsex,Both Sexes,hisp,Hispanic,0400000US15,151357,54506,3204,2592,16934,10598,63523
Hawaii,HI,15,West,Pacific,totsex,Both Sexes,nhisp,Not Hispanic,0400000US15,1269134,309043,27934,3037,517717,134208,277195
Hawaii,HI,15,West,Pacific,totsex,Both Sexes,tothisp,Total,0400000US15,1420491,363549,31138,5629,534651,144806,340718
Idaho,ID,16,West,Mountain,female,Female,hisp,Hispanic,0400000US16,107974,95942,1296,5426,836,341,4133
Idaho,ID,16,West,Mountain,female,Female,nhisp,Not Hispanic,0400000US16,767157,717760,5602,9747,14953,1498,17597
Idaho,ID,16,West,Mountain,female,Female,tothisp,Total,0400000US16,875131,813702,6898,15173,15789,1839,21730
Idaho,ID,16,West,Mountain,male,Male,hisp,Hispanic,0400000US16,114934,102351,1429,5638,957,389,4170
Idaho,ID,16,West,Mountain,male,Male,nhisp,Not Hispanic,0400000US16,764143,716135,7448,9638,11073,1655,18194
Idaho,ID,16,West,Mountain,male,Male,tothisp,Total,0400000US16,879077,818486,8877,15276,12030,2044,22364
Idaho,ID,16,West,Mountain,totsex,Both Sexes,hisp,Hispanic,0400000US16,222908,198293,2725,11064,1793,730,8303
Idaho,ID,16,West,Mountain,totsex,Both Sexes,nhisp,Not Hispanic,0400000US16,1531300,1433895,13050,19385,26026,3153,35791
Idaho,ID,16,West,Mountain,totsex,Both Sexes,tothisp,Total,0400000US16,1754208,1632188,15775,30449,27819,3883,44094
Illinois,IL,17,Midwest,East North Central,female,Female,hisp,Hispanic,0400000US17,1081421,984888,35020,26510,8227,2278,24498
Illinois,IL,17,Midwest,East North Central,female,Female,nhisp,Not Hispanic,0400000US17,5398758,3952358,950704,9791,380010,1747,104148
Illinois,IL,17,Midwest,East North Central,female,Female,tothisp,Total,0400000US17,6480179,4937246,985724,36301,388237,4025,128646
Illinois,IL,17,Midwest,East North Central,male,Male,hisp,Hispanic,0400000US17,1132721,1033677,33973,29824,8175,2542,24530
Illinois,IL,17,Midwest,East North Central,male,Male,nhisp,Not Hispanic,0400000US17,5128180,3820917,840493,9442,352310,1878,103140
Illinois,IL,17,Midwest,East North Central,male,Male,tothisp,Total,0400000US17,6260901,4854594,874466,39266,360485,4420,127670
Illinois,IL,17,Midwest,East North Central,totsex,Both Sexes,hisp,Hispanic,0400000US17,2214142,2018565,68993,56334,16402,4820,49028
Illinois,IL,17,Midwest,East North Central,totsex,Both Sexes,nhisp,Not Hispanic,0400000US17,10526938,7773275,1791197,19233,732320,3625,207288
Illinois,IL,17,Midwest,East North Central,totsex,Both Sexes,tothisp,Total,0400000US17,12741080,9791840,1860190,75567,748722,8445,256316
Indiana,IN,18,Midwest,East North Central,female,Female,hisp,Hispanic,0400000US18,229688,201393,12006,5747,1722,962,7858
Indiana,IN,18,Midwest,East North Central,female,Female,nhisp,Not Hispanic,0400000US18,3161888,2679523,328816,7808,80976,1271,63494
Indiana,IN,18,Midwest,East North Central,female,Female,tothisp,Total,0400000US18,3391576,2880916,340822,13555,82698,2233,71352
Indiana,IN,18,Midwest,East North Central,male,Male,hisp,Hispanic,0400000US18,245549,216435,11636,6519,1815,1067,8077
Indiana,IN,18,Midwest,East North Central,male,Male,nhisp,Not Hispanic,0400000US18,3054753,2597117,306271,7666,80855,1242,61602
Indiana,IN,18,Midwest,East North Central,male,Male,tothisp,Total,0400000US18,3300302,2813552,317907,14185,82670,2309,69679
Indiana,IN,18,Midwest,East North Central,totsex,Both Sexes,hisp,Hispanic,0400000US18,475237,417828,23642,12266,3537,2029,15935
Indiana,IN,18,Midwest,East North Central,totsex,Both Sexes,nhisp,Not Hispanic,0400000US18,6216641,5276640,635087,15474,161831,2513,125096
Indiana,IN,18,Midwest,East North Central,totsex,Both Sexes,tothisp,Total,0400000US18,6691878,5694468,658729,27740,165368,4542,141031
Iowa,IA,19,Midwest,West North Central,female,Female,hisp,Hispanic,0400000US19,93306,82727,2606,3499,752,320,3402
Iowa,IA,19,Midwest,West North Central,female,Female,nhisp,Not Hispanic,0400000US19,1492032,1361538,55682,4846,41543,1703,26720
Iowa,IA,19,Midwest,West North Central,female,Female,tothisp,Total,0400000US19,1585338,1444265,58288,8345,42295,2023,30122
Iowa,IA,19,Midwest,West North Central,male,Male,hisp,Hispanic,0400000US19,101126,89928,3024,3649,776,394,3355
Iowa,IA,19,Midwest,West North Central,male,Male,nhisp,Not Hispanic,0400000US19,1469681,1329933,63507,4687,42637,1815,27102
Iowa,IA,19,Midwest,West North Central,male,Male,tothisp,Total,0400000US19,1570807,1419861,66531,8336,43413,2209,30457
Iowa,IA,19,Midwest,West North Central,totsex,Both Sexes,hisp,Hispanic,0400000US19,194432,172655,5630,7148,1528,714,6757
Iowa,IA,19,Midwest,West North Central,totsex,Both Sexes,nhisp,Not Hispanic,0400000US19,2961713,2691471,119189,9533,84180,3518,53822
Iowa,IA,19,Midwest,West North Central,totsex,Both Sexes,tothisp,Total,0400000US19,3156145,2864126,124819,16681,85708,4232,60579
Kansas,KS,20,Midwest,West North Central,female,Female,hisp,Hispanic,0400000US20,169668,150796,5488,5537,1202,416,6229
Kansas,KS,20,Midwest,West North Central,female,Female,nhisp,Not Hispanic,0400000US20,1291431,1114451,80714,11692,45479,1215,37880
Kansas,KS,20,Midwest,West North Central,female,Female,tothisp,Total,0400000US20,1461099,1265247,86202,17229,46681,1631,44109
Kansas,KS,20,Midwest,West North Central,male,Male,hisp,Hispanic,0400000US20,181512,161601,5789,6161,1176,488,6297
Kansas,KS,20,Midwest,West North Central,male,Male,nhisp,Not Hispanic,0400000US20,1268894,1088503,86627,11427,43372,1500,37465
Kansas,KS,20,Midwest,West North Central,male,Male,tothisp,Total,0400000US20,1450406,1250104,92416,17588,44548,1988,43762
Kansas,KS,20,Midwest,West North Central,totsex,Both Sexes,hisp,Hispanic,0400000US20,351180,312397,11277,11698,2378,904,12526
Kansas,KS,20,Midwest,West North Central,totsex,Both Sexes,nhisp,Not Hispanic,0400000US20,2560325,2202954,167341,23119,88851,2715,75345
Kansas,KS,20,Midwest,West North Central,totsex,Both Sexes,tothisp,Total,0400000US20,2911505,2515351,178618,34817,91229,3619,87871
Kentucky,KY,21,South,East South Central,female,Female,hisp,Hispanic,0400000US21,79537,68245,4985,1757,838,536,3176
Kentucky,KY,21,South,East South Central,female,Female,nhisp,Not Hispanic,0400000US21,2187354,1919377,183985,4658,36912,1377,41045
Kentucky,KY,21,South,East South Central,female,Female,tothisp,Total,0400000US21,2266891,1987622,188970,6415,37750,1913,44221
Kentucky,KY,21,South,East South Central,male,Male,hisp,Hispanic,0400000US21,92396,79358,5655,2234,954,674,3521
Kentucky,KY,21,South,East South Central,male,Male,nhisp,Not Hispanic,0400000US21,2109115,1846956,181347,4763,34102,1471,40476
Kentucky,KY,21,South,East South Central,male,Male,tothisp,Total,0400000US21,2201511,1926314,187002,6997,35056,2145,43997
Kentucky,KY,21,South,East South Central,totsex,Both Sexes,hisp,Hispanic,0400000US21,171933,147603,10640,3991,1792,1210,6697
Kentucky,KY,21,South,East South Central,totsex,Both Sexes,nhisp,Not Hispanic,0400000US21,4296469,3766333,365332,9421,71014,2848,81521
Kentucky,KY,21,South,East South Central,totsex,Both Sexes,tothisp,Total,0400000US21,4468402,3913936,375972,13412,72806,4058,88218
Louisiana,LA,22,South,West South Central,female,Female,hisp,Hispanic,0400000US22,113864,93382,11069,2909,1257,466,4781
Louisiana,LA,22,South,West South Central,female,Female,nhisp,Not Hispanic,0400000US22,2271355,1387084,791046,15273,41342,894,35716
Louisiana,LA,22,South,West South Central,female,Female,tothisp,Total,0400000US22,2385219,1480466,802115,18182,42599,1360,40497
Louisiana,LA,22,South,West South Central,male,Male,hisp,Hispanic,0400000US22,129947,107786,11917,3482,1347,638,4777
Louisiana,LA,22,South,West South Central,male,Male,nhisp,Not Hispanic,0400000US22,2144812,1342180,712058,14836,40325,891,34522
Louisiana,LA,22,South,West South Central,male,Male,tothisp,Total,0400000US22,2274759,1449966,723975,18318,41672,1529,39299
Louisiana,LA,22,South,West South Central,totsex,Both Sexes,hisp,Hispanic,0400000US22,243811,201168,22986,6391,2604,1104,9558
Louisiana,LA,22,South,West South Central,totsex,Both Sexes,nhisp,Not Hispanic,0400000US22,4416167,2729264,1503104,30109,81667,1785,70238
Louisiana,LA,22,South,West South Central,totsex,Both Sexes,tothisp,Total,0400000US22,4659978,2930432,1526090,36500,84271,2889,79796
Maine,ME,23,Northeast,New England,female,Female,hisp,Hispanic,0400000US23,11238,9392,524,401,159,33,729
Maine,ME,23,Northeast,New England,female,Female,nhisp,Not Hispanic,0400000US23,671793,637173,9456,4463,9113,185,11403
Maine,ME,23,Northeast,New England,female,Female,tothisp,Total,0400000US23,683031,646565,9980,4864,9272,218,12132
Maine,ME,23,Northeast,New England,male,Male,hisp,Hispanic,0400000US23,11612,9567,645,386,172,43,799
Maine,ME,23,Northeast,New England,male,Male,nhisp,Not Hispanic,0400000US23,643761,609516,11252,4407,7230,194,11162
Maine,ME,23,Northeast,New England,male,Male,tothisp,Total,0400000US23,655373,619083,11897,4793,7402,237,11961
Maine,ME,23,Northeast,New England,totsex,Both Sexes,hisp,Hispanic,0400000US23,22850,18959,1169,787,331,76,1528
Maine,ME,23,Northeast,New England,totsex,Both Sexes,nhisp,Not Hispanic,0400000US23,1315554,1246689,20708,8870,16343,379,22565
Maine,ME,23,Northeast,New England,totsex,Both Sexes,tothisp,Total,0400000US23,1338404,1265648,21877,9657,16674,455,24093
Maryland,MD,24,South,South Atlantic,female,Female,hisp,Hispanic,0400000US24,302766,239884,33666,9891,3800,1647,13878
Maryland,MD,24,South,South Atlantic,female,Female,nhisp,Not Hispanic,0400000US24,2811031,1556024,960891,7560,209135,1620,75801
Maryland,MD,24,South,South Atlantic,female,Female,tothisp,Total,0400000US24,3113797,1795908,994557,17451,212935,3267,89679
Maryland,MD,24,South,South Atlantic,male,Male,hisp,Hispanic,0400000US24,325667,261659,32599,11616,3884,2027,13882
Maryland,MD,24,South,South Atlantic,male,Male,nhisp,Not Hispanic,0400000US24,2603254,1494788,840436,7121,188863,1452,70594
Maryland,MD,24,South,South Atlantic,male,Male,tothisp,Total,0400000US24,2928921,1756447,873035,18737,192747,3479,84476
Maryland,MD,24,South,South Atlantic,totsex,Both Sexes,hisp,Hispanic,0400000US24,628433,501543,66265,21507,7684,3674,27760
Maryland,MD,24,South,South Atlantic,totsex,Both Sexes,nhisp,Not Hispanic,0400000US24,5414285,3050812,1801327,14681,397998,3072,146395
Maryland,MD,24,South,South Atlantic,totsex,Both Sexes,tothisp,Total,0400000US24,6042718,3552355,1867592,36188,405682,6746,174155
Massachusetts,MA,25,Northeast,New England,female,Female,hisp,Hispanic,0400000US25,426199,325929,60295,10613,3731,2296,23335
Massachusetts,MA,25,Northeast,New England,female,Female,nhisp,Not Hispanic,0400000US25,3125422,2542817,257094,6128,253488,1501,64394
Massachusetts,MA,25,Northeast,New England,female,Female,tothisp,Total,0400000US25,3551621,2868746,317389,16741,257219,3797,87729
Massachusetts,MA,25,Northeast,New England,male,Male,hisp,Hispanic,0400000US25,421024,323082,56526,11218,3619,2254,24325
Massachusetts,MA,25,Northeast,New England,male,Male,nhisp,Not Hispanic,0400000US25,2929504,2385366,243182,6153,231670,1366,61767
Massachusetts,MA,25,Northeast,New England,male,Male,tothisp,Total,0400000US25,3350528,2708448,299708,17371,235289,3620,86092
Massachusetts,MA,25,Northeast,New England,totsex,Both Sexes,hisp,Hispanic,0400000US25,847223,649011,116821,21831,7350,4550,47660
Massachusetts,MA,25,Northeast,New England,totsex,Both Sexes,nhisp,Not Hispanic,0400000US25,6054926,4928183,500276,12281,485158,2867,126161
Massachusetts,MA,25,Northeast,New England,totsex,Both Sexes,tothisp,Total,0400000US25,6902149,5577194,617097,34112,492508,7417,173821
Michigan,MI,26,Midwest,East North Central,female,Female,hisp,Hispanic,0400000US26,254972,214217,16653,8195,2065,664,13178
Michigan,MI,26,Midwest,East North Central,female,Female,nhisp,Not Hispanic,0400000US26,4818800,3784188,722666,28702,169140,1392,112712
Michigan,MI,26,Midwest,East North Central,female,Female,tothisp,Total,0400000US26,5073772,3998405,739319,36897,171205,2056,125890
Michigan,MI,26,Midwest,East North Central,male,Male,hisp,Hispanic,0400000US26,264050,224269,16117,8293,1991,741,12639
Michigan,MI,26,Midwest,East North Central,male,Male,nhisp,Not Hispanic,0400000US26,4658093,3701253,652956,28309,164140,1345,110090
Michigan,MI,26,Midwest,East North Central,male,Male,tothisp,Total,0400000US26,4922143,3925522,669073,36602,166131,2086,122729
Michigan,MI,26,Midwest,East North Central,totsex,Both Sexes,hisp,Hispanic,0400000US26,519022,438486,32770,16488,4056,1405,25817
Michigan,MI,26,Midwest,East North Central,totsex,Both Sexes,nhisp,Not Hispanic,0400000US26,9476893,7485441,1375622,57011,333280,2737,222802
Michigan,MI,26,Midwest,East North Central,totsex,Both Sexes,tothisp,Total,0400000US26,9995915,7923927,1408392,73499,337336,4142,248619
Minnesota,MN,27,Midwest,West North Central,female,Female,hisp,Hispanic,0400000US27,148854,124530,6153,7919,1973,627,7652
Minnesota,MN,27,Midwest,West North Central,female,Female,nhisp,Not Hispanic,0400000US27,2667524,2246067,179782,30262,145779,1408,64226
Minnesota,MN,27,Midwest,West North Central,female,Female,tothisp,Total,0400000US27,2816378,2370597,185935,38181,147752,2035,71878
Minnesota,MN,27,Midwest,West North Central,male,Male,hisp,Hispanic,0400000US27,160429,134378,6679,8764,2026,660,7922
Minnesota,MN,27,Midwest,West North Central,male,Male,nhisp,Not Hispanic,0400000US27,2634372,2213201,187800,29671,139197,1450,63053
Minnesota,MN,27,Midwest,West North Central,male,Male,tothisp,Total,0400000US27,2794801,2347579,194479,38435,141223,2110,70975
Minnesota,MN,27,Midwest,West North Central,totsex,Both Sexes,hisp,Hispanic,0400000US27,309283,258908,12832,16683,3999,1287,15574
Minnesota,MN,27,Midwest,West North Central,totsex,Both Sexes,nhisp,Not Hispanic,0400000US27,5301896,4459268,367582,59933,284976,2858,127279
Minnesota,MN,27,Midwest,West North Central,totsex,Both Sexes,tothisp,Total,0400000US27,5611179,4718176,380414,76616,288975,4145,142853
Mississippi,MS,28,South,East South Central,female,Female,hisp,Hispanic,0400000US28,44033,34610,5173,1587,421,294,1948
Mississippi,MS,28,South,East South Central,female,Female,nhisp,Not Hispanic,0400000US28,1494762,858957,593281,7686,16529,519,17790
Mississippi,MS,28,South,East South Central,female,Female,tothisp,Total,0400000US28,1538795,893567,598454,9273,16950,813,19738
Mississippi,MS,28,South,East South Central,male,Male,hisp,Hispanic,0400000US28,56135,45563,5636,1949,412,465,2110
Mississippi,MS,28,South,East South Central,male,Male,nhisp,Not Hispanic,0400000US28,1391600,827171,524822,7201,14790,534,17082
Mississippi,MS,28,South,East South Central,male,Male,tothisp,Total,0400000US28,1447735,872734,530458,9150,15202,999,19192
Mississippi,MS,28,South,East South Central,totsex,Both Sexes,hisp,Hispanic,0400000US28,100168,80173,10809,3536,833,759,4058
Mississippi,MS,28,South,East South Central,totsex,Both Sexes,nhisp,Not Hispanic,0400000US28,2886362,1686128,1118103,14887,31319,1053,34872
Mississippi,MS,28,South,East South Central,totsex,Both Sexes,tothisp,Total,0400000US28,2986530,1766301,1128912,18423,32152,1812,38930
Missouri,MO,29,Midwest,West North Central,female,Female,hisp,Hispanic,0400000US29,127255,108087,6796,3982,1295,759,6336
Missouri,MO,29,Midwest,West North Central,female,Female,nhisp,Not Hispanic,0400000US29,2991634,2468104,373046,13215,67590,3969,65710
Missouri,MO,29,Midwest,West North Central,female,Female,tothisp,Total,0400000US29,3118889,2576191,379842,17197,68885,4728,72046
Missouri,MO,29,Midwest,West North Central,male,Male,hisp,Hispanic,0400000US29,136010,116182,6764,4378,1329,844,6513
Missouri,MO,29,Midwest,West North Central,male,Male,nhisp,Not Hispanic,0400000US29,2871553,2390198,337923,13444,60832,4013,65143
Missouri,MO,29,Midwest,West North Central,male,Male,tothisp,Total,0400000US29,3007563,2506380,344687,17822,62161,4857,71656
Missouri,MO,29,Midwest,West North Central,totsex,Both Sexes,hisp,Hispanic,0400000US29,263265,224269,13560,8360,2624,1603,12849
Missouri,MO,29,Midwest,West North Central,totsex,Both Sexes,nhisp,Not Hispanic,0400000US29,5863187,4858302,710969,26659,128422,7982,130853
Missouri,MO,29,Midwest,West North Central,totsex,Both Sexes,tothisp,Total,0400000US29,6126452,5082571,724529,35019,131046,9585,143702
Montana,MT,30,West,Mountain,female,Female,hisp,Hispanic,0400000US30,20476,15520,260,2848,227,73,1548
Montana,MT,30,West,Mountain,female,Female,nhisp,Not Hispanic,0400000US30,506977,453206,2255,32728,5344,328,13116
Montana,MT,30,West,Mountain,female,Female,tothisp,Total,0400000US30,527453,468726,2515,35576,5571,401,14664
Montana,MT,30,West,Mountain,male,Male,hisp,Hispanic,0400000US30,22027,16707,365,3045,217,83,1610
Montana,MT,30,West,Mountain,male,Male,nhisp,Not Hispanic,0400000US30,512825,459699,3357,31982,4064,409,13314
Montana,MT,30,West,Mountain,male,Male,tothisp,Total,0400000US30,534852,476406,3722,35027,4281,492,14924
Montana,MT,30,West,Mountain,totsex,Both Sexes,hisp,Hispanic,0400000US30,42503,32227,625,5893,444,156,3158
Montana,MT,30,West,Mountain,totsex,Both Sexes,nhisp,Not Hispanic,0400000US30,1019802,912905,5612,64710,9408,737,26430
Montana,MT,30,West,Mountain,totsex,Both Sexes,tothisp,Total,0400000US30,1062305,945132,6237,70603,9852,893,29588
Nebraska,NE,31,Midwest,West North Central,female,Female,hisp,Hispanic,0400000US31,103276,89848,2792,6024,797,530,3285
Nebraska,NE,31,Midwest,West North Central,female,Female,nhisp,Not Hispanic,0400000US31,862610,764184,44877,8235,25939,553,18822
Nebraska,NE,31,Midwest,West North Central,female,Female,tothisp,Total,0400000US31,965886,854032,47669,14259,26736,1083,22107
Nebraska,NE,31,Midwest,West North Central,male,Male,hisp,Hispanic,0400000US31,112596,97995,3063,6506,877,623,3532
Nebraska,NE,31,Midwest,West North Central,male,Male,nhisp,Not Hispanic,0400000US31,850786,751419,48025,7898,24730,632,18082
Nebraska,NE,31,Midwest,West North Central,male,Male,tothisp,Total,0400000US31,963382,849414,51088,14404,25607,1255,21614
Nebraska,NE,31,Midwest,West North Central,totsex,Both Sexes,hisp,Hispanic,0400000US31,215872,187843,5855,12530,1674,1153,6817
Nebraska,NE,31,Midwest,West North Central,totsex,Both Sexes,nhisp,Not Hispanic,0400000US31,1713396,1515603,92902,16133,50669,1185,36904
Nebraska,NE,31,Midwest,West North Central,totsex,Both Sexes,tothisp,Total,0400000US31,1929268,1703446,98757,28663,52343,2338,43721
Nevada,NV,32,West,Mountain,female,Female,hisp,Hispanic,0400000US32,434599,382832,14764,11957,6773,2367,15906
Nevada,NV,32,West,Mountain,female,Female,nhisp,Not Hispanic,0400000US32,1078238,724048,139759,13455,138657,9623,52696
Nevada,NV,32,West,Mountain,female,Female,tothisp,Total,0400000US32,1512837,1106880,154523,25412,145430,11990,68602
Nevada,NV,32,West,Mountain,male,Male,hisp,Hispanic,0400000US32,446549,394502,14155,12847,6782,2517,15746
Nevada,NV,32,West,Mountain,male,Male,nhisp,Not Hispanic,0400000US32,1075006,752329,137170,12612,112199,9455,51241
Nevada,NV,32,West,Mountain,male,Male,tothisp,Total,0400000US32,1521555,1146831,151325,25459,118981,11972,66987
Nevada,NV,32,West,Mountain,totsex,Both Sexes,hisp,Hispanic,0400000US32,881148,777334,28919,24804,13555,4884,31652
Nevada,NV,32,West,Mountain,totsex,Both Sexes,nhisp,Not Hispanic,0400000US32,2153244,1476377,276929,26067,250856,19078,103937
Nevada,NV,32,West,Mountain,totsex,Both Sexes,tothisp,Total,0400000US32,3034392,2253711,305848,50871,264411,23962,135589
New Hampshire,NH,33,Northeast,New England,female,Female,hisp,Hispanic,0400000US33,25462,21420,1819,533,272,117,1301
New Hampshire,NH,33,Northeast,New England,female,Female,nhisp,Not Hispanic,0400000US33,658730,617703,8339,1393,20721,189,10385
New Hampshire,NH,33,Northeast,New England,female,Female,tothisp,Total,0400000US33,684192,639123,10158,1926,20993,306,11686
New Hampshire,NH,33,Northeast,New England,male,Male,hisp,Hispanic,0400000US33,27201,22475,2328,654,234,137,1373
New Hampshire,NH,33,Northeast,New England,male,Male,nhisp,Not Hispanic,0400000US33,645065,602619,10807,1510,19233,194,10702
New Hampshire,NH,33,Northeast,New England,male,Male,tothisp,Total,0400000US33,672266,625094,13135,2164,19467,331,12075
New Hampshire,NH,33,Northeast,New England,totsex,Both Sexes,hisp,Hispanic,0400000US33,52663,43895,4147,1187,506,254,2674
New Hampshire,NH,33,Northeast,New England,totsex,Both Sexes,nhisp,Not Hispanic,0400000US33,1303795,1220322,19146,2903,39954,383,21087
New Hampshire,NH,33,Northeast,New England,totsex,Both Sexes,tothisp,Total,0400000US33,1356458,1264217,23293,4090,40460,637,23761
New Jersey,NJ,34,Northeast,Middle Atlantic,female,Female,hisp,Hispanic,0400000US34,918332,759947,95009,20014,7963,3440,31959
New Jersey,NJ,34,Northeast,Middle Atlantic,female,Female,nhisp,Not Hispanic,0400000US34,3637994,2504874,606548,6555,448549,1616,69852
New Jersey,NJ,34,Northeast,Middle Atlantic,female,Female,tothisp,Total,0400000US34,4556326,3264821,701557,26569,456512,5056,101811
New Jersey,NJ,34,Northeast,Middle Atlantic,male,Male,hisp,Hispanic,0400000US34,921027,763505,92604,21972,8105,3419,31422
New Jersey,NJ,34,Northeast,Middle Atlantic,male,Male,nhisp,Not Hispanic,0400000US34,3431167,2388021,543593,6165,424634,1509,67245
New Jersey,NJ,34,Northeast,Middle Atlantic,male,Male,tothisp,Total,0400000US34,4352194,3151526,636197,28137,432739,4928,98667
New Jersey,NJ,34,Northeast,Middle Atlantic,totsex,Both Sexes,hisp,Hispanic,0400000US34,1839359,1523452,187613,41986,16068,6859,63381
New Jersey,NJ,34,Northeast,Middle Atlantic,totsex,Both Sexes,nhisp,Not Hispanic,0400000US34,7069161,4892895,1150141,12720,873183,3125,137097
New Jersey,NJ,34,Northeast,Middle Atlantic,totsex,Both Sexes,tothisp,Total,0400000US34,8908520,6416347,1337754,54706,889251,9984,200478
New Mexico,NM,35,West,Mountain,female,Female,hisp,Hispanic,0400000US35,518389,474953,7611,21209,2518,1007,11091
New Mexico,NM,35,West,Mountain,female,Female,nhisp,Not Hispanic,0400000US35,539754,392662,16563,96153,17978,683,15715
New Mexico,NM,35,West,Mountain,female,Female,tothisp,Total,0400000US35,1058143,867615,24174,117362,20496,1690,26806
New Mexico,NM,35,West,Mountain,male,Male,hisp,Hispanic,0400000US35,510844,466423,7375,22641,2427,1013,10965
New Mexico,NM,35,West,Mountain,male,Male,nhisp,Not Hispanic,0400000US35,526441,384863,22027,88490,14333,701,16027
New Mexico,NM,35,West,Mountain,male,Male,tothisp,Total,0400000US35,1037285,851286,29402,111131,16760,1714,26992
New Mexico,NM,35,West,Mountain,totsex,Both Sexes,hisp,Hispanic,0400000US35,1029233,941376,14986,43850,4945,2020,22056
New Mexico,NM,35,West,Mountain,totsex,Both Sexes,nhisp,Not Hispanic,0400000US35,1066195,777525,38590,184643,32311,1384,31742
New Mexico,NM,35,West,Mountain,totsex,Both Sexes,tothisp,Total,0400000US35,2095428,1718901,53576,228493,37256,3404,53798
New York,NY,36,Northeast,Middle Atlantic,female,Female,hisp,Hispanic,0400000US36,1904320,1404317,323255,65448,20246,8905,82149
New York,NY,36,Northeast,Middle Atlantic,female,Female,nhisp,Not Hispanic,0400000US36,8149459,5528365,1512828,29380,895361,4693,178832
New York,NY,36,Northeast,Middle Atlantic,female,Female,tothisp,Total,0400000US36,10053779,6932682,1836083,94828,915607,13598,260981
New York,NY,36,Northeast,Middle Atlantic,male,Male,hisp,Hispanic,0400000US36,1849810,1385090,290566,68075,19584,8936,77559
New York,NY,36,Northeast,Middle Atlantic,male,Male,nhisp,Not Hispanic,0400000US36,7638620,5302159,1321080,27511,814822,4211,168837
New York,NY,36,Northeast,Middle Atlantic,male,Male,tothisp,Total,0400000US36,9488430,6687249,1611646,95586,834406,13147,246396
New York,NY,36,Northeast,Middle Atlantic,totsex,Both Sexes,hisp,Hispanic,0400000US36,3754130,2789407,613821,133523,39830,17841,159708
New York,NY,36,Northeast,Middle Atlantic,totsex,Both Sexes,nhisp,Not Hispanic,0400000US36,15788079,10830524,2833908,56891,1710183,8904,347669
New York,NY,36,Northeast,Middle Atlantic,totsex,Both Sexes,tothisp,Total,0400000US36,19542209,13619931,3447729,190414,1750013,26745,507377
North Carolina,NC,37,South,South Atlantic,female,Female,hisp,Hispanic,0400000US37,481641,389121,43745,21969,5597,2901,18308
North Carolina,NC,37,South,South Atlantic,female,Female,nhisp,Not Hispanic,0400000US37,4851118,3337358,1182511,60278,164223,3439,103309
North Carolina,NC,37,South,South Atlantic,female,Female,tothisp,Total,0400000US37,5332759,3726479,1226256,82247,169820,6340,121617
North Carolina,NC,37,South,South Atlantic,male,Male,hisp,Hispanic,0400000US37,515708,419785,43540,24929,5977,3280,18197
North Carolina,NC,37,South,South Atlantic,male,Male,nhisp,Not Hispanic,0400000US37,4535153,3188147,1037001,55902,153487,3369,97247
North Carolina,NC,37,South,South Atlantic,male,Male,tothisp,Total,0400000US37,5050861,3607932,1080541,80831,159464,6649,115444
North Carolina,NC,37,South,South Atlantic,totsex,Both Sexes,hisp,Hispanic,0400000US37,997349,808906,87285,46898,11574,6181,36505
North Carolina,NC,37,South,South Atlantic,totsex,Both Sexes,nhisp,Not Hispanic,0400000US37,9386271,6525505,2219512,116180,317710,6808,200556
North Carolina,NC,37,South,South Atlantic,totsex,Both Sexes,tothisp,Total,0400000US37,10383620,7334411,2306797,163078,329284,12989,237061
North Dakota,ND,38,Midwest,West North Central,female,Female,hisp,Hispanic,0400000US38,13686,10699,449,1579,143,49,767
North Dakota,ND,38,Midwest,West North Central,female,Female,nhisp,Not Hispanic,0400000US38,357041,312807,10301,19751,6476,242,7464
North Dakota,ND,38,Midwest,West North Central,female,Female,tothisp,Total,0400000US38,370727,323506,10750,21330,6619,291,8231
North Dakota,ND,38,Midwest,West North Central,male,Male,hisp,Hispanic,0400000US38,15843,12661,551,1512,204,59,856
North Dakota,ND,38,Midwest,West North Central,male,Male,nhisp,Not Hispanic,0400000US38,373507,325382,14319,19120,6603,223,7860
North Dakota,ND,38,Midwest,West North Central,male,Male,tothisp,Total,0400000US38,389350,338043,14870,20632,6807,282,8716
North Dakota,ND,38,Midwest,West North Central,totsex,Both Sexes,hisp,Hispanic,0400000US38,29529,23360,1000,3091,347,108,1623
North Dakota,ND,38,Midwest,West North Central,totsex,Both Sexes,nhisp,Not Hispanic,0400000US38,730548,638189,24620,38871,13079,465,15324
North Dakota,ND,38,Midwest,West North Central,totsex,Both Sexes,tothisp,Total,0400000US38,760077,661549,25620,41962,13426,573,16947
Ohio,OH,39,Midwest,East North Central,female,Female,hisp,Hispanic,0400000US39,223980,181471,22047,5071,2075,1086,12230
Ohio,OH,39,Midwest,East North Central,female,Female,nhisp,Not Hispanic,0400000US39,5734744,4681456,768174,11365,146441,2296,125012
Ohio,OH,39,Midwest,East North Central,female,Female,tothisp,Total,0400000US39,5958724,4862927,790221,16436,148516,3382,137242
Ohio,OH,39,Midwest,East North Central,male,Male,hisp,Hispanic,0400000US39,236897,194069,21551,5728,2036,1293,12220
Ohio,OH,39,Midwest,East North Central,male,Male,nhisp,Not Hispanic,0400000US39,5493821,4514526,706227,11402,136670,2319,122677
Ohio,OH,39,Midwest,East North Central,male,Male,tothisp,Total,0400000US39,5730718,4708595,727778,17130,138706,3612,134897
Ohio,OH,39,Midwest,East North Central,totsex,Both Sexes,hisp,Hispanic,0400000US39,460877,375540,43598,10799,4111,2379,24450
Ohio,OH,39,Midwest,East North Central,totsex,Both Sexes,nhisp,Not Hispanic,0400000US39,11228565,9195982,1474401,22767,283111,4615,247689
Ohio,OH,39,Midwest,East North Central,totsex,Both Sexes,tothisp,Total,0400000US39,11689442,9571522,1517999,33566,287222,6994,272139
Oklahoma,OK,40,South,West South Central,female,Female,hisp,Hispanic,0400000US40,205332,166079,6841,18690,1379,703,11640
Oklahoma,OK,40,South,West South Central,female,Female,nhisp,Not Hispanic,0400000US40,1784701,1308499,146014,167052,47074,2962,113100
Oklahoma,OK,40,South,West South Central,female,Female,tothisp,Total,0400000US40,1990033,1474578,152855,185742,48453,3665,124740
Oklahoma,OK,40,South,West South Central,male,Male,hisp,Hispanic,0400000US40,223746,182109,7207,20043,1511,769,12107
Oklahoma,OK,40,South,West South Central,male,Male,nhisp,Not Hispanic,0400000US40,1729300,1267678,146828,161258,42215,3134,108187
Oklahoma,OK,40,South,West South Central,male,Male,tothisp,Total,0400000US40,1953046,1449787,154035,181301,43726,3903,120294
Oklahoma,OK,40,South,West South Central,totsex,Both Sexes,hisp,Hispanic,0400000US40,429078,348188,14048,38733,2890,1472,23747
Oklahoma,OK,40,South,West South Central,totsex,Both Sexes,nhisp,Not Hispanic,0400000US40,3514001,2576177,292842,328310,89289,6096,221287
Oklahoma,OK,40,South,West South Central,totsex,Both Sexes,tothisp,Total,0400000US40,3943079,2924365,306890,367043,92179,7568,245034
Oregon,OR,41,West,Pacific,female,Female,hisp,Hispanic,0400000US41,268720,232495,5193,13682,2987,985,13378
Oregon,OR,41,West,Pacific,female,Female,nhisp,Not Hispanic,0400000US41,1844499,1600295,37741,23400,105615,8268,69180
Oregon,OR,41,West,Pacific,female,Female,tothisp,Total,0400000US41,2113219,1832790,42934,37082,108602,9253,82558
Oregon,OR,41,West,Pacific,male,Male,hisp,Hispanic,0400000US41,287676,248155,5658,15637,2981,1160,14085
Oregon,OR,41,West,Pacific,male,Male,nhisp,Not Hispanic,0400000US41,1789818,1554981,44366,23304,90811,8586,67770
Oregon,OR,41,West,Pacific,male,Male,tothisp,Total,0400000US41,2077494,1803136,50024,38941,93792,9746,81855
Oregon,OR,41,West,Pacific,totsex,Both Sexes,hisp,Hispanic,0400000US41,556396,480650,10851,29319,5968,2145,27463
Oregon,OR,41,West,Pacific,totsex,Both Sexes,nhisp,Not Hispanic,0400000US41,3634317,3155276,82107,46704,196426,16854,136950
Oregon,OR,41,West,Pacific,totsex,Both Sexes,tothisp,Total,0400000US41,4190713,3635926,92958,76023,202394,18999,164413
Pennsylvania,PA,42,Northeast,Middle Atlantic,female,Female,hisp,Hispanic,0400000US42,479352,358422,71854,14989,5219,2971,25897
Pennsylvania,PA,42,Northeast,Middle Atlantic,female,Female,nhisp,Not Hispanic,0400000US42,6053048,4971395,720177,9366,240410,2099,109601
Pennsylvania,PA,42,Northeast,Middle Atlantic,female,Female,tothisp,Total,0400000US42,6532400,5329817,792031,24355,245629,5070,135498
Pennsylvania,PA,42,Northeast,Middle Atlantic,male,Male,hisp,Hispanic,0400000US42,496791,376032,71059,16018,5067,2999,25616
Pennsylvania,PA,42,Northeast,Middle Atlantic,male,Male,nhisp,Not Hispanic,0400000US42,5777869,4770236,668367,9190,223375,1987,104714
Pennsylvania,PA,42,Northeast,Middle Atlantic,male,Male,tothisp,Total,0400000US42,6274660,5146268,739426,25208,228442,4986,130330
Pennsylvania,PA,42,Northeast,Middle Atlantic,totsex,Both Sexes,hisp,Hispanic,0400000US42,976143,734454,142913,31007,10286,5970,51513
Pennsylvania,PA,42,Northeast,Middle Atlantic,totsex,Both Sexes,nhisp,Not Hispanic,0400000US42,11830917,9741631,1388544,18556,463785,4086,214315
Pennsylvania,PA,42,Northeast,Middle Atlantic,totsex,Both Sexes,tothisp,Total,0400000US42,12807060,10476085,1531457,49563,474071,10056,265828
Rhode Island,RI,44,Northeast,New England,female,Female,hisp,Hispanic,0400000US44,83603,62069,12798,3377,791,730,3838
Rhode Island,RI,44,Northeast,New England,female,Female,nhisp,Not Hispanic,0400000US44,459380,394432,31776,2313,19187,346,11326
Rhode Island,RI,44,Northeast,New England,female,Female,tothisp,Total,0400000US44,542983,456501,44574,5690,19978,1076,15164
Rhode Island,RI,44,Northeast,New England,male,Male,hisp,Hispanic,0400000US44,84739,63751,12290,3361,806,729,3802
Rhode Island,RI,44,Northeast,New England,male,Male,nhisp,Not Hispanic,0400000US44,429593,367007,31547,2257,17635,330,10817
Rhode Island,RI,44,Northeast,New England,male,Male,tothisp,Total,0400000US44,514332,430758,43837,5618,18441,1059,14619
Rhode Island,RI,44,Northeast,New England,totsex,Both Sexes,hisp,Hispanic,0400000US44,168342,125820,25088,6738,1597,1459,7640
Rhode Island,RI,44,Northeast,New England,totsex,Both Sexes,nhisp,Not Hispanic,0400000US44,888973,761439,63323,4570,36822,676,22143
Rhode Island,RI,44,Northeast,New England,totsex,Both Sexes,tothisp,Total,0400000US44,1057315,887259,88411,11308,38419,2135,29783
South Carolina,SC,45,South,South Atlantic,female,Female,hisp,Hispanic,0400000US45,139461,114973,13137,3909,1378,914,5150
South Carolina,SC,45,South,South Atlantic,female,Female,nhisp,Not Hispanic,0400000US45,2481340,1657862,721621,9444,46322,1417,44674
South Carolina,SC,45,South,South Atlantic,female,Female,tothisp,Total,0400000US45,2620801,1772835,734758,13353,47700,2331,49824
South Carolina,SC,45,South,South Atlantic,male,Male,hisp,Hispanic,0400000US45,156585,129947,13820,5053,1387,1076,5302
South Carolina,SC,45,South,South Atlantic,male,Male,nhisp,Not Hispanic,0400000US45,2306741,1580673,631567,9288,40875,1746,42592
South Carolina,SC,45,South,South Atlantic,male,Male,tothisp,Total,0400000US45,2463326,1710620,645387,14341,42262,2822,47894
South Carolina,SC,45,South,South Atlantic,totsex,Both Sexes,hisp,Hispanic,0400000US45,296046,244920,26957,8962,2765,1990,10452
South Carolina,SC,45,South,South Atlantic,totsex,Both Sexes,nhisp,Not Hispanic,0400000US45,4788081,3238535,1353188,18732,87197,3163,87266
South Carolina,SC,45,South,South Atlantic,totsex,Both Sexes,tothisp,Total,0400000US45,5084127,3483455,1380145,27694,89962,5153,97718
South Dakota,SD,46,Midwest,West North Central,female,Female,hisp,Hispanic,0400000US46,16397,11743,354,2981,153,106,1060
South Dakota,SD,46,Midwest,West North Central,female,Female,nhisp,Not Hispanic,0400000US46,420307,357397,8420,37119,7673,227,9471
South Dakota,SD,46,Midwest,West North Central,female,Female,tothisp,Total,0400000US46,436704,369140,8774,40100,7826,333,10531
South Dakota,SD,46,Midwest,West North Central,male,Male,hisp,Hispanic,0400000US46,20005,14607,484,3347,164,150,1253
South Dakota,SD,46,Midwest,West North Central,male,Male,nhisp,Not Hispanic,0400000US46,425526,360986,11742,35965,7103,264,9466
South Dakota,SD,46,Midwest,West North Central,male,Male,tothisp,Total,0400000US46,445531,375593,12226,39312,7267,414,10719
South Dakota,SD,46,Midwest,West North Central,totsex,Both Sexes,hisp,Hispanic,0400000US46,36402,26350,838,6328,317,256,2313
South Dakota,SD,46,Midwest,West North Central,totsex,Both Sexes,nhisp,Not Hispanic,0400000US46,845833,718383,20162,73084,14776,491,18937
South Dakota,SD,46,Midwest,West North Central,totsex,Both Sexes,tothisp,Total,0400000US46,882235,744733,21000,79412,15093,747,21250
Tennessee,TN,47,South,East South Central,female,Female,hisp,Hispanic,0400000US47,179903,153309,10884,5708,2008,1348,6646
Tennessee,TN,47,South,East South Central,female,Female,nhisp,Not Hispanic,0400000US47,3287183,2551577,598093,9385,65699,1761,60668
Tennessee,TN,47,South,East South Central,female,Female,tothisp,Total,0400000US47,3467086,2704886,608977,15093,67707,3109,67314
Tennessee,TN,47,South,East South Central,male,Male,hisp,Hispanic,0400000US47,200869,172205,11189,6970,1992,1582,6931
Tennessee,TN,47,South,East South Central,male,Male,nhisp,Not Hispanic,0400000US47,3102055,2438181,535465,9763,58827,1805,58014
Tennessee,TN,47,South,East South Central,male,Male,tothisp,Total,0400000US47,3302924,2610386,546654,16733,60819,3387,64945
Tennessee,TN,47,South,East South Central,totsex,Both Sexes,hisp,Hispanic,0400000US47,380772,325514,22073,12678,4000,2930,13577
Tennessee,TN,47,South,East South Central,totsex,Both Sexes,nhisp,Not Hispanic,0400000US47,6389238,4989758,1133558,19148,124526,3566,118682
Tennessee,TN,47,South,East South Central,totsex,Both Sexes,tothisp,Total,0400000US47,6770010,5315272,1155631,31826,128526,6496,132259
Texas,TX,48,South,West South Central,female,Female,hisp,Hispanic,0400000US48,5644814,5320366,117098,95394,26484,8306,77166
Texas,TX,48,South,West South Central,female,Female,nhisp,Not Hispanic,0400000US48,8796925,6007223,1777311,46454,736895,12962,216080
Texas,TX,48,South,West South Central,female,Female,tothisp,Total,0400000US48,14441739,11327589,1894409,141848,763379,21268,293246
Texas,TX,48,South,West South Central,male,Male,hisp,Hispanic,0400000US48,5724035,5391652,115113,102923,26046,8904,79397
Texas,TX,48,South,West South Central,male,Male,nhisp,Not Hispanic,0400000US48,8536071,5905626,1664333,46190,696841,12161,210920
Texas,TX,48,South,West South Central,male,Male,tothisp,Total,0400000US48,14260106,11297278,1779446,149113,722887,21065,290317
Texas,TX,48,South,West South Central,totsex,Both Sexes,hisp,Hispanic,0400000US48,11368849,10712018,232211,198317,52530,17210,156563
Texas,TX,48,South,West South Central,totsex,Both Sexes,nhisp,Not Hispanic,0400000US48,17332996,11912849,3441644,92644,1433736,25123,427000
Texas,TX,48,South,West South Central,totsex,Both Sexes,tothisp,Total,0400000US48,28701845,22624867,3673855,290961,1486266,42333,583563
Utah,UT,49,West,Mountain,female,Female,hisp,Hispanic,0400000US49,219520,195165,4444,8886,1940,1303,7782
Utah,UT,49,West,Mountain,female,Female,nhisp,Not Hispanic,0400000US49,1349442,1228555,15222,15184,42944,14801,32736
Utah,UT,49,West,Mountain,female,Female,tothisp,Total,0400000US49,1568962,1423720,19666,24070,44884,16104,40518
Utah,UT,49,West,Mountain,male,Male,hisp,Hispanic,0400000US49,230698,204444,4949,9832,2093,1368,8012
Utah,UT,49,West,Mountain,male,Male,nhisp,Not Hispanic,0400000US49,1361445,1237470,21085,14726,38412,16023,33729
Utah,UT,49,West,Mountain,male,Male,tothisp,Total,0400000US49,1592143,1441914,26034,24558,40505,17391,41741
Utah,UT,49,West,Mountain,totsex,Both Sexes,hisp,Hispanic,0400000US49,450218,399609,9393,18718,4033,2671,15794
Utah,UT,49,West,Mountain,totsex,Both Sexes,nhisp,Not Hispanic,0400000US49,2710887,2466025,36307,29910,81356,30824,66465
Utah,UT,49,West,Mountain,totsex,Both Sexes,tothisp,Total,0400000US49,3161105,2865634,45700,48628,85389,33495,82259
Vermont,VT,50,Northeast,New England,female,Female,hisp,Hispanic,0400000US50,6154,5120,282,161,79,23,489
Vermont,VT,50,Northeast,New England,female,Female,nhisp,Not Hispanic,0400000US50,310893,293734,3502,1026,6787,80,5764
Vermont,VT,50,Northeast,New England,female,Female,tothisp,Total,0400000US50,317047,298854,3784,1187,6866,103,6253
Vermont,VT,50,Northeast,New England,male,Male,hisp,Hispanic,0400000US50,6380,5278,316,224,79,28,455
Vermont,VT,50,Northeast,New England,male,Male,nhisp,Not Hispanic,0400000US50,302872,285854,4653,1046,5636,116,5567
Vermont,VT,50,Northeast,New England,male,Male,tothisp,Total,0400000US50,309252,291132,4969,1270,5715,144,6022
Vermont,VT,50,Northeast,New England,totsex,Both Sexes,hisp,Hispanic,0400000US50,12534,10398,598,385,158,51,944
Vermont,VT,50,Northeast,New England,totsex,Both Sexes,nhisp,Not Hispanic,0400000US50,613765,579588,8155,2072,12423,196,11331
Vermont,VT,50,Northeast,New England,totsex,Both Sexes,tothisp,Total,0400000US50,626299,589986,8753,2457,12581,247,12275
Virginia,VA,51,South,South Atlantic,female,Female,hisp,Hispanic,0400000US51,397718,330532,32061,10950,5302,1545,17328
Virginia,VA,51,South,South Atlantic,female,Female,nhisp,Not Hispanic,0400000US51,3929319,2648603,846404,11209,304631,3351,115121
Virginia,VA,51,South,South Atlantic,female,Female,tothisp,Total,0400000US51,4327037,2979135,878465,22159,309933,4896,132449
Virginia,VA,51,South,South Atlantic,male,Male,hisp,Hispanic,0400000US51,423156,353624,31772,12763,5543,1988,17466
Virginia,VA,51,South,South Atlantic,male,Male,nhisp,Not Hispanic,0400000US51,3767492,2585911,781030,11487,273570,3114,112380
Virginia,VA,51,South,South Atlantic,male,Male,tothisp,Total,0400000US51,4190648,2939535,812802,24250,279113,5102,129846
Virginia,VA,51,South,South Atlantic,totsex,Both Sexes,hisp,Hispanic,0400000US51,820874,684156,63833,23713,10845,3533,34794
Virginia,VA,51,South,South Atlantic,totsex,Both Sexes,nhisp,Not Hispanic,0400000US51,7696811,5234514,1627434,22696,578201,6465,227501
Virginia,VA,51,South,South Atlantic,totsex,Both Sexes,tothisp,Total,0400000US51,8517685,5918670,1691267,46409,589046,9998,262295
Washington,WA,53,West,Pacific,female,Female,hisp,Hispanic,0400000US53,468950,395942,13019,23207,8001,2703,26078
Washington,WA,53,West,Pacific,female,Female,nhisp,Not Hispanic,0400000US53,3296730,2567590,136272,48001,363433,26620,154814
Washington,WA,53,West,Pacific,female,Female,tothisp,Total,0400000US53,3765680,2963532,149291,71208,371434,29323,180892
Washington,WA,53,West,Pacific,male,Male,hisp,Hispanic,0400000US53,501408,424034,14176,25577,8129,2988,26504
Washington,WA,53,West,Pacific,male,Male,nhisp,Not Hispanic,0400000US53,3268503,2557358,159359,47665,323892,26690,153539
Washington,WA,53,West,Pacific,male,Male,tothisp,Total,0400000US53,3769911,2981392,173535,73242,332021,29678,180043
Washington,WA,53,West,Pacific,totsex,Both Sexes,hisp,Hispanic,0400000US53,970358,819976,27195,48784,16130,5691,52582
Washington,WA,53,West,Pacific,totsex,Both Sexes,nhisp,Not Hispanic,0400000US53,6565233,5124948,295631,95666,687325,53310,308353
Washington,WA,53,West,Pacific,totsex,Both Sexes,tothisp,Total,0400000US53,7535591,5944924,322826,144450,703455,59001,360935
West Virginia,WV,54,South,South Atlantic,female,Female,hisp,Hispanic,0400000US54,13992,11961,787,289,154,59,742
West Virginia,WV,54,South,South Atlantic,female,Female,nhisp,Not Hispanic,0400000US54,897500,843236,29005,1814,7980,201,15264
West Virginia,WV,54,South,South Atlantic,female,Female,tothisp,Total,0400000US54,911492,855197,29792,2103,8134,260,16006
West Virginia,WV,54,South,South Atlantic,male,Male,hisp,Hispanic,0400000US54,16209,13739,1015,408,170,66,811
West Virginia,WV,54,South,South Atlantic,male,Male,nhisp,Not Hispanic,0400000US54,878131,819057,34424,2015,7034,202,15399
West Virginia,WV,54,South,South Atlantic,male,Male,tothisp,Total,0400000US54,894340,832796,35439,2423,7204,268,16210
West Virginia,WV,54,South,South Atlantic,totsex,Both Sexes,hisp,Hispanic,0400000US54,30201,25700,1802,697,324,125,1553
West Virginia,WV,54,South,South Atlantic,totsex,Both Sexes,nhisp,Not Hispanic,0400000US54,1775631,1662293,63429,3829,15014,403,30663
West Virginia,WV,54,South,South Atlantic,totsex,Both Sexes,tothisp,Total,0400000US54,1805832,1687993,65231,4526,15338,528,32216
Wisconsin,WI,55,Midwest,East North Central,female,Female,hisp,Hispanic,0400000US55,195896,169722,8952,7601,1497,524,7600
Wisconsin,WI,55,Midwest,East North Central,female,Female,nhisp,Not Hispanic,0400000US55,2725399,2371123,188609,26035,88972,1010,49650
Wisconsin,WI,55,Midwest,East North Central,female,Female,tothisp,Total,0400000US55,2921295,2540845,197561,33636,90469,1534,57250
Wisconsin,WI,55,Midwest,East North Central,male,Male,hisp,Hispanic,0400000US55,208059,180910,9186,8033,1579,589,7762
Wisconsin,WI,55,Midwest,East North Central,male,Male,nhisp,Not Hispanic,0400000US55,2684214,2341771,182300,25902,84099,1120,49022
Wisconsin,WI,55,Midwest,East North Central,male,Male,tothisp,Total,0400000US55,2892273,2522681,191486,33935,85678,1709,56784
Wisconsin,WI,55,Midwest,East North Central,totsex,Both Sexes,hisp,Hispanic,0400000US55,403955,350632,18138,15634,3076,1113,15362
Wisconsin,WI,55,Midwest,East North Central,totsex,Both Sexes,nhisp,Not Hispanic,0400000US55,5409613,4712894,370909,51937,173071,2130,98672
Wisconsin,WI,55,Midwest,East North Central,totsex,Both Sexes,tothisp,Total,0400000US55,5813568,5063526,389047,67571,176147,3243,114034
Wyoming,WY,56,West,Mountain,female,Female,hisp,Hispanic,0400000US56,27637,24058,452,1673,216,77,1161
Wyoming,WY,56,West,Mountain,female,Female,nhisp,Not Hispanic,0400000US56,255566,238386,2613,6183,3100,193,5091
Wyoming,WY,56,West,Mountain,female,Female,tothisp,Total,0400000US56,283203,262444,3065,7856,3316,270,6252
Wyoming,WY,56,West,Mountain,male,Male,hisp,Hispanic,0400000US56,30590,26632,507,1925,235,101,1190
Wyoming,WY,56,West,Mountain,male,Male,nhisp,Not Hispanic,0400000US56,263944,245867,3985,6079,2662,201,5150
Wyoming,WY,56,West,Mountain,male,Male,tothisp,Total,0400000US56,294534,272499,4492,8004,2897,302,6340
Wyoming,WY,56,West,Mountain,totsex,Both Sexes,hisp,Hispanic,0400000US56,58227,50690,959,3598,451,178,2351
Wyoming,WY,56,West,Mountain,totsex,Both Sexes,nhisp,Not Hispanic,0400000US56,519510,484253,6598,12262,5762,394,10241
Wyoming,WY,56,West,Mountain,totsex,Both Sexes,tothisp,Total,0400000US56,577737,534943,7557,15860,6213,572,12592
